name,Clone_and_organism,identity,e_value,Accession_no,Family,Genus,Species,Clone_or_strain_name
b1683a5960153d58100a5371215c0230,KJ762902|Clade_D(SGUH1172),100,1.9999999999999997e-131,KJ762902,Clade_D,Clade_D,Clade_D,SGUH1172
774ba321f0096ef5c988eec207bf8c1b,GU825073|Phaeocystis_globosa(AI5F15RJ3B03),100,1.9999999999999997e-131,GU825073,Phaeocystaceae,Phaeocystis,Phaeocystis_globosa,AI5F15RJ3B03
d72ea6b9cd47f596733ba1bffe6825f5,HM581603|Chrysochromulina_sp(FS04R13_10_27Feb07_75m_sort),99.6,7e-130,HM581603,Chrysochromulinaceae,Chrysochromulina,Chrysochromulina_sp,FS04R13_10_27Feb07_75m_sort
3d2a7e35bbcf8c1dffa7d4a1b476930f,HQ868849|Phaeocystis_sp(SHAX1099),100,1.9999999999999997e-131,HQ868849,Phaeocystaceae,Phaeocystis,Phaeocystis_sp,SHAX1099
6ca0d4a5bf9f086ed331b354050008f1,FN263276|Chrysochromulina_sp(B5),99.6,7e-130,FN263276,Chrysochromulinaceae,Chrysochromulina,Chrysochromulina_sp,B5
8b788247d0dc6d7b7a15edd434b2f412,GU825073|Phaeocystis_globosa(AI5F15RJ3B03),99.6,7e-130,GU825073,Phaeocystaceae,Phaeocystis,Phaeocystis_globosa,AI5F15RJ3B03
a5a46f941d8e1ab09c1c5b9339ed5aa3,KJ763239|Chrysochromulina_sp(SGUH646),100,1.9999999999999997e-131,KJ763239,Chrysochromulinaceae,Chrysochromulina,Chrysochromulina_sp,SGUH646
239a71c05a5470da82bc835fd46a264b,JX680364|Chrysochromulina_sp(DH122_Pry1_C28),100,1.9999999999999997e-131,JX680364,Chrysochromulinaceae,Chrysochromulina,Chrysochromulina_sp,DH122_Pry1_C28
5d40deff8dd8df7e15f3df350335894d,AM490987|Syracosphaera_pulchra(ALGO_GK_17),99.6,7e-130,AM490987,Syracosphaeraceae,Syracosphaera,Syracosphaera_pulchra,ALGO_GK_17
fc060bc3056e2b24fb7d61df6cc7cc91,JX680406|Prymnesium_sp(Ma135_Pry1_C29),100,1.9999999999999997e-131,JX680406,Prymnesiaceae,Prymnesium,Prymnesium_sp,Ma135_Pry1_C29
524a9b7df8fec0dc1f9a27595c7db2a3,JX680408|Emiliania_Gephyrocapsa_sp(Ma135_Pry1_C4),100,1.9999999999999997e-131,JX680408,Noelaerhabdaceae,Emiliania_Gephyrocapsa,Emiliania_Gephyrocapsa_sp,Ma135_Pry1_C4
62f363149262f1eff985c8464d19ebf7,GQ863817|Phaeocystis_sp(AMT15_15_10m_412),100,1.9999999999999997e-131,GQ863817,Phaeocystaceae,Phaeocystis,Phaeocystis_sp,AMT15_15_10m_412
2fb6ea991789fd51f864e9968d2fc0cb,KJ763331|Chrysochromulina_sp(SGUH808),100,1.9999999999999997e-131,KJ763331,Chrysochromulinaceae,Chrysochromulina,Chrysochromulina_sp,SGUH808
730158aebbcb3eb5397eb8ed7f01c598,Unclassified,98.4,7.000000000000001e-125,Unclassified,Unclassified,Unclassified,Unclassified,Unclassified
d2c15144924e16eefa01256d05028223,JX660995|Phaeocystis_sp(RCC:PCC559),100,1.9999999999999997e-131,JX660995,Phaeocystaceae,Phaeocystis,Phaeocystis_sp,RCC:PCC559
9543958c5fb9022c43f460d1d2212493,JX291802|Prymnesium_sp(7656BH994_SP6),100,1.9999999999999997e-131,JX291802,Prymnesiaceae,Prymnesium,Prymnesium_sp,7656BH994_SP6
f40a0352a49879edc3581e6b72d7e029,KF130564|Clade_B4(ST8900_063),99.6,7e-130,KF130564,Clade_B4,Clade_B4,Clade_B4,ST8900_063
a8911a86f12602a1008d0cd2304908c1,LC599498|Pavlomulina_ranunculiformis(NIES-3900),100,1.9999999999999997e-131,LC599498,Unclassified,Pavlomulina,Pavlomulina_ranunculiformis,NIES-3900
b74846a4b2711cefa025ea5ce2e3b925,EF172993|Prymnesium_sp(SSRPD92),100,1.9999999999999997e-131,EF172993,Prymnesiaceae,Prymnesium,Prymnesium_sp,SSRPD92
a99a3f031a3080134b4e4e1655341c05,KJ763084|Chrysochromulina_sp(SGUH406),100,1.9999999999999997e-131,KJ763084,Chrysochromulinaceae,Chrysochromulina,Chrysochromulina_sp,SGUH406
040ab56129607ae49eb93ddfa34478ac,JX680439|Phaeocystis_globosa(Ma130_Pry1_C6),99.6,7e-130,JX680439,Phaeocystaceae,Phaeocystis,Phaeocystis_globosa,Ma130_Pry1_C6
cdb6ada2f6976d70a5de7fe400557e01,KF130564|Clade_B4(ST8900_063),98,2.9999999999999995e-123,KF130564,Clade_B4,Clade_B4,Clade_B4,ST8900_063
2b6b83bc4b857d8a2d3acb168b904366,EF695123|Phaeocystis_sp(hotp2a4),100,1.9999999999999997e-131,EF695123,Phaeocystaceae,Phaeocystis,Phaeocystis_sp,hotp2a4
ce6cd0cbfafdce745dbe3e2700009141,KF130288|Clade_HAP4(ST6060_063),96.41,2e-116,KF130288,Clade_HAP4,Clade_HAP4,Clade_HAP4,ST6060_063
9efca9298ffa05ab2d49a55f672e6daa,FR874498|Dicrateria_sp(ws_59_1806A03),100,1.9999999999999997e-131,FR874498,Prymnesiaceae,Dicrateria,Dicrateria_sp,ws_59_1806A03
f0e6ee9ec7c6f7f7fb5a637f89bc08f1,GU824821|Clade_HAP2(BCA5F15RM3F05),100,1.9999999999999997e-131,GU824821,Clade_HAP2,Clade_HAP2,Clade_HAP2,BCA5F15RM3F05
b109f26e3fac14e3bb1d21084c6aa2ae,JX680408|Emiliania_Gephyrocapsa_sp(Ma135_Pry1_C4),99.6,7e-130,JX680408,Noelaerhabdaceae,Emiliania_Gephyrocapsa,Emiliania_Gephyrocapsa_sp,Ma135_Pry1_C4
e12c5bb4190cec6034216df295b63bfe,KF130564|Clade_B4(ST8900_063),98.4,7.000000000000001e-125,KF130564,Clade_B4,Clade_B4,Clade_B4,ST8900_063
98af88f3564fb73c3478f75a06c9432c,FJ537637|Chrysochromulina_sp(Biosope_T65_040),100,1.9999999999999997e-131,FJ537637,Chrysochromulinaceae,Chrysochromulina,Chrysochromulina_sp,Biosope_T65_040
cf362ad7ef475d1386b42b69f319f528,KF129994|Clade_HAP5(ST5900_037),99.6,7e-130,KF129994,Clade_HAP5,Clade_HAP5,Clade_HAP5,ST5900_037
cbca1fc21141ed16842dce2032bb94a4,KF130564|Clade_B4(ST8900_063),96.4,2e-116,KF130564,Clade_B4,Clade_B4,Clade_B4,ST8900_063
e96c03333204052de98fe487ac66e426,KF130564|Clade_B4(ST8900_063),99.2,3e-128,KF130564,Clade_B4,Clade_B4,Clade_B4,ST8900_063
e58a75aa14a1278ea958d68a21161d72,Unclassified,98.4,7.000000000000001e-125,Unclassified,Unclassified,Unclassified,Unclassified,Unclassified
0237f164c6f23ada626dc043530e58be,HM581603|Chrysochromulina_sp(FS04R13_10_27Feb07_75m_sort),99.6,7e-130,HM581603,Chrysochromulinaceae,Chrysochromulina,Chrysochromulina_sp,FS04R13_10_27Feb07_75m_sort
3732052cd3d60e072757b113bdbbf362,HM581603|Chrysochromulina_sp(FS04R13_10_27Feb07_75m_sort),98,2.9999999999999995e-123,HM581603,Chrysochromulinaceae,Chrysochromulina,Chrysochromulina_sp,FS04R13_10_27Feb07_75m_sort
ca56e41a06012c7ceef0804fca34e9f4,GU825016|Chrysochromulina_sp(AA5F15RM4B01),99.6,7e-130,GU825016,Chrysochromulinaceae,Chrysochromulina,Chrysochromulina_sp,AA5F15RM4B01
d384b0a7c9fc8add98ae736b5ae239a5,AM779755|Prymnesium_palpebrale(UIO_133),100,1.9999999999999997e-131,AM779755,Prymnesiaceae,Prymnesium,Prymnesium_palpebrale,UIO_133
5bbe0b28268edf12e6bdbca3fb223da3,EF695123|Phaeocystis_sp(hotp2a4),99.2,3e-128,EF695123,Phaeocystaceae,Phaeocystis,Phaeocystis_sp,hotp2a4
4a957a4c7f00f4479c0accedce06c687,AM491009|Prymnesium_aff_polylepis(PLY_200),100,1.9999999999999997e-131,AM491009,Prymnesiaceae,Prymnesium,Prymnesium_aff_polylepis,PLY_200
6e59990cc15443d9cda22a510ca3542b,AM490985|Algirosphaera_robusta(ALGO_Am_24),99.6,7e-130,AM490985,Rhabdosphaeraceae,Algirosphaera,Algirosphaera_robusta,ALGO_Am_24
f1f7c5414ecbecb00bdd9b56eb5d6353,GU825177|Clade_HAP4(AA5F15RM1D01),98.8,2e-126,GU825177,Clade_HAP4,Clade_HAP4,Clade_HAP4,AA5F15RM1D01
55a27bfa2c4f9ae542ba376b52f7a671,KJ763007|Phaeocystis_sp(SGUH1400),100,1.9999999999999997e-131,KJ763007,Phaeocystaceae,Phaeocystis,Phaeocystis_sp,SGUH1400
5b426e2663631cd9a0696c57f5459078,EF172993|Prymnesium_sp(SSRPD92),99.2,3e-128,EF172993,Prymnesiaceae,Prymnesium,Prymnesium_sp,SSRPD92
28a09c1ad2e02d862bcb617fc93a9a0f,HM749951|Chrysochromulina_sp(BLACKSEA_cl_49),99.21,9e-129,HM749951,Chrysochromulinaceae,Chrysochromulina,Chrysochromulina_sp,BLACKSEA_cl_49
8d67c00f5f4fdf6444b670cef5569d86,EF172993|Prymnesium_sp(SSRPD92),99.6,7e-130,EF172993,Prymnesiaceae,Prymnesium,Prymnesium_sp,SSRPD92
cae0303bc784f598ab40433de06b1465,KF130288|Clade_HAP4(ST6060_063),95.62,3e-113,KF130288,Clade_HAP4,Clade_HAP4,Clade_HAP4,ST6060_063
dd7904afd9381a2ebca3be1a9bbf89a7,KJ763188|Haptolina_sp(SGUH579),100,1.9999999999999997e-131,KJ763188,Prymnesiaceae,Haptolina,Haptolina_sp,SGUH579
4cada2a6c7f901252e19bf24fab04d01,AB478413|Braarudosphaera_bigelowii(Furue15),100,1.9999999999999997e-131,AB478413,Braarudosphaeraceae,Braarudosphaera,Braarudosphaera_bigelowii,Furue15
4a3e19e8c0be519e8cf5cf89fd10c145,HQ868546|Chrysochromulina_sp(SHAX774),99.6,7e-130,HQ868546,Chrysochromulinaceae,Chrysochromulina,Chrysochromulina_sp,SHAX774
13652e1ba7d325a2b9b480993db846b6,HQ870396|Chrysochromulina_sp(SHZX449),100,1.9999999999999997e-131,HQ870396,Chrysochromulinaceae,Chrysochromulina,Chrysochromulina_sp,SHZX449
8ee58d599bce8a9d3fd6899ecb941489,KF130550|Chrysochromulina_sp(ST8900_047),98.41,7.000000000000001e-125,KF130550,Chrysochromulinaceae,Chrysochromulina,Chrysochromulina_sp,ST8900_047
dad8fc959274b22e61095ccabec2a0eb,HQ869389|Chrysochromulina_sp(SHBA737),97.2,7e-120,HQ869389,Chrysochromulinaceae,Chrysochromulina,Chrysochromulina_sp,SHBA737
144584647e8a458a0ec471bfa0f72fef,KF130288|Clade_HAP4(ST6060_063),100,1.9999999999999997e-131,KF130288,Clade_HAP4,Clade_HAP4,Clade_HAP4,ST6060_063
379db1a541fbbf9c1afb38314514c40b,GU825177|Clade_HAP4(AA5F15RM1D01),96.4,2e-116,GU825177,Clade_HAP4,Clade_HAP4,Clade_HAP4,AA5F15RM1D01
0814ed311a8eee2e0b9aadf0bd7bffd5,KF130564|Clade_B4(ST8900_063),99.6,7e-130,KF130564,Clade_B4,Clade_B4,Clade_B4,ST8900_063
8d3aadee7acc710edc7b0a98727db1b4,KF130564|Clade_B4(ST8900_063),98.8,2e-126,KF130564,Clade_B4,Clade_B4,Clade_B4,ST8900_063
d343b353ba373a0e9a0523c0edb62828,Unclassified,100,1.9999999999999997e-131,Unclassified,Unclassified,Unclassified,Unclassified,Unclassified
5cadf6e8aa308574d957ac359d4fe958,KF129994|Clade_HAP5(ST5900_037),100,1.9999999999999997e-131,KF129994,Clade_HAP5,Clade_HAP5,Clade_HAP5,ST5900_037
58c07fdbf3bb3f184417ce562dee777b,DQ918951|Clade_HAP4(ENVP366_00164),98.68,3e-113,DQ918951,Clade_HAP4,Clade_HAP4,Clade_HAP4,ENVP366_00164
9b7e55b321134e4f4cd22316ff3d694c,EF172993|Prymnesium_sp(SSRPD92),98.8,2e-126,EF172993,Prymnesiaceae,Prymnesium,Prymnesium_sp,SSRPD92
87bebde65385b25eeb5bf58d43f4a259,KF129994|Clade_HAP5(ST5900_037),98,2.9999999999999995e-123,KF129994,Clade_HAP5,Clade_HAP5,Clade_HAP5,ST5900_037
07cf99983471b7849010b964155a0b00,DQ369019|Chrysochromulina_sp(UEPAC47p4),100,1.9999999999999997e-131,DQ369019,Chrysochromulinaceae,Chrysochromulina,Chrysochromulina_sp,UEPAC47p4
1c9f3e0e4a7e2be0dddeaa22c791cd23,KF130550|Chrysochromulina_sp(ST8900_047),97.61,1.9999999999999995e-121,KF130550,Chrysochromulinaceae,Chrysochromulina,Chrysochromulina_sp,ST8900_047
cf466d9d5a047d399396cd51619869ee,KF129646|Phaeocystis_sp(ST3500_059),100,1.9999999999999997e-131,KF129646,Phaeocystaceae,Phaeocystis,Phaeocystis_sp,ST3500_059
7b8645d6badf88bc78cdbf551b1fe641,KJ763084|Chrysochromulina_sp(SGUH406),99.2,3e-128,KJ763084,Chrysochromulinaceae,Chrysochromulina,Chrysochromulina_sp,SGUH406
768412beb4da00fa90bbcaa4df0c48d5,FN263276|Chrysochromulina_sp(B5),98,2.9999999999999995e-123,FN263276,Chrysochromulinaceae,Chrysochromulina,Chrysochromulina_sp,B5
9854c20977f9b82da67625792bca5422,JX680362|Clade_E(DH122_Pry1_C23),99.6,7e-130,JX680362,Clade_E,Clade_E,Clade_E,DH122_Pry1_C23
0fde87674753be193626937e43ae64a7,KF130564|Clade_B4(ST8900_063),98.8,2e-126,KF130564,Clade_B4,Clade_B4,Clade_B4,ST8900_063
5bde20478a5eb866eff18dffb352e4b1,Unclassified,100,1.9999999999999997e-131,Unclassified,Unclassified,Unclassified,Unclassified,Unclassified
e98f9ff3a695defac6b8cccb6e2d95cd,EF172993|Prymnesium_sp(SSRPD92),99.6,7e-130,EF172993,Prymnesiaceae,Prymnesium,Prymnesium_sp,SSRPD92
3051f76ff23a0eb73322c27c84cb2667,KC488450|Phaeocystis_sp(BBL6SF04_91),97.6,1.9999999999999995e-121,KC488450,Phaeocystaceae,Phaeocystis,Phaeocystis_sp,BBL6SF04_91
6b0db70f2f40cc6a178f8cbab8070270,KC488450|Phaeocystis_sp(BBL6SF04_91),99.2,3e-128,KC488450,Phaeocystaceae,Phaeocystis,Phaeocystis_sp,BBL6SF04_91
3391c2df3c78353dcf6d52f08f217b03,AM490987|Syracosphaera_pulchra(ALGO_GK_17),98.4,7.000000000000001e-125,AM490987,Syracosphaeraceae,Syracosphaera,Syracosphaera_pulchra,ALGO_GK_17
4de3e7f44010bff09438bbf861081625,JX680437|Clade_E(Ma125_Pry1_C18),99.2,3e-128,JX680437,Clade_E,Clade_E,Clade_E,Ma125_Pry1_C18
f746aa1ba50626113a9b0ed30213f19b,GU824821|Clade_HAP2(BCA5F15RM3F05),99.6,7e-130,GU824821,Clade_HAP2,Clade_HAP2,Clade_HAP2,BCA5F15RM3F05
db49845d0883bb2b4733277aac8327f0,KJ763331|Chrysochromulina_sp(SGUH808),97.2,7e-120,KJ763331,Chrysochromulinaceae,Chrysochromulina,Chrysochromulina_sp,SGUH808
963d0ff7735dc1eadaecabe48ae837db,KF129994|Clade_HAP5(ST5900_037),98.8,2e-126,KF129994,Clade_HAP5,Clade_HAP5,Clade_HAP5,ST5900_037
326adba5c8aa57cc6aa7ec723baefff3,KF130550|Chrysochromulina_sp(ST8900_047),98.8,2e-126,KF130550,Chrysochromulinaceae,Chrysochromulina,Chrysochromulina_sp,ST8900_047
e34ab4a3a3230b40c4af7c2bb761e06d,JX680407|Chrysochromulina_sp(Ma135_Pry1_C34),100,1.9999999999999997e-131,JX680407,Chrysochromulinaceae,Chrysochromulina,Chrysochromulina_sp,Ma135_Pry1_C34
397320d4189e90b940f97e9d3683ebc1,HM581562|Phaeocystis_sp(FS04GA51_01Aug05_5m),100,3e-128,HM581562,Phaeocystaceae,Phaeocystis,Phaeocystis_sp,FS04GA51_01Aug05_5m
543d8e8af473566107307f1039fcd494,HM581532|Clade_HAP5(FS01AA17_01Aug05_5m),92.4,3e-99,HM581532,Clade_HAP5,Clade_HAP5,Clade_HAP5,FS01AA17_01Aug05_5m
907bc3ead08d1872cc93c6466532445d,KF130288|Clade_HAP4(ST6060_063),95.22,5.9999999999999994e-111,KF130288,Clade_HAP4,Clade_HAP4,Clade_HAP4,ST6060_063
8b8c996dcce198f0bec76820aa898004,GU824821|Clade_HAP2(BCA5F15RM3F05),98.8,2e-126,GU824821,Clade_HAP2,Clade_HAP2,Clade_HAP2,BCA5F15RM3F05
ad60010b0c276fb0f738c34ca5016e0d,KF130564|Clade_B4(ST8900_063),98,2.9999999999999995e-123,KF130564,Clade_B4,Clade_B4,Clade_B4,ST8900_063
079b1d25d939a789f5f09fe9ca1f231f,KF130564|Clade_B4(ST8900_063),97.2,7e-120,KF130564,Clade_B4,Clade_B4,Clade_B4,ST8900_063
3bf02e459ee6aaa89a4f1382aa15bdaf,FJ537311|Clade_E(Biosope_T33_008),99.6,7e-130,FJ537311,Clade_E,Clade_E,Clade_E,Biosope_T33_008
27e1fa94d7213208bda8058f4f3d1dd6,KJ763084|Chrysochromulina_sp(SGUH406),98.4,7.000000000000001e-125,KJ763084,Chrysochromulinaceae,Chrysochromulina,Chrysochromulina_sp,SGUH406
13c45f342353fcb6f442a849694214c3,GU825177|Clade_HAP4(AA5F15RM1D01),95.2,1.9999999999999998e-111,GU825177,Clade_HAP4,Clade_HAP4,Clade_HAP4,AA5F15RM1D01
1cdd7e0c1d74a72fcc0c7bd78e7b830c,HQ870396|Chrysochromulina_sp(SHZX449),99.6,7e-130,HQ870396,Chrysochromulinaceae,Chrysochromulina,Chrysochromulina_sp,SHZX449
8d3b8df892710569c245a275518ca737,Unclassified,94.82,7e-110,Unclassified,Unclassified,Unclassified,Unclassified,Unclassified
b4ac3fe3fa04cf91235e6b18928a0a0e,GU825177|Clade_HAP4(AA5F15RM1D01),96,6.9999999999999995e-115,GU825177,Clade_HAP4,Clade_HAP4,Clade_HAP4,AA5F15RM1D01
ed8651005dd8529ef0bdb1c4d5072636,JX680404|Chrysochromulina_sp(Ma135_Pry1_C24),100,1.9999999999999997e-131,JX680404,Chrysochromulinaceae,Chrysochromulina,Chrysochromulina_sp,Ma135_Pry1_C24
82f7f69c2b9f241847f3824e5d8f39dc,KF130396|Algirosphaera_sp(ST8300_084),99.6,7e-130,KF130396,Rhabdosphaeraceae,Algirosphaera,Algirosphaera_sp,ST8300_084
480dd634edf0138ff3c7fc8b359f3707,EF172966|Chrysochromulina_sp(B04N10),98.8,2e-126,EF172966,Chrysochromulinaceae,Chrysochromulina,Chrysochromulina_sp,B04N10
4463645168bf213a2cf150b5a59ab123,KJ763084|Chrysochromulina_sp(SGUH406),99.2,3e-128,KJ763084,Chrysochromulinaceae,Chrysochromulina,Chrysochromulina_sp,SGUH406
9f4aafdcad0be8851ee8fb5836bd3800,DQ918951|Clade_HAP4(ENVP366_00164),98.68,3e-113,DQ918951,Clade_HAP4,Clade_HAP4,Clade_HAP4,ENVP366_00164
de71679099d4759cbc011920dd6db5f4,KJ763188|Haptolina_sp(SGUH579),99.2,3e-128,KJ763188,Prymnesiaceae,Haptolina,Haptolina_sp,SGUH579
788a57cbdde2237b9412d2fb5d80d27a,HQ394067|Chrysochromulina_sp(T4A4_33),98.8,2e-126,HQ394067,Chrysochromulinaceae,Chrysochromulina,Chrysochromulina_sp,T4A4_33
b231d94e09a7613788a431f5bc00bea2,EU500069|Braarudosphaera_bigelowii(hotxp1g2),100,1.9999999999999997e-131,EU500069,Braarudosphaeraceae,Braarudosphaera,Braarudosphaera_bigelowii,hotxp1g2
906f80e57b88276971a36c2016d3ef15,KC488449|Chrysochromulina_sp(BBL1SF10_59),96.4,2e-116,KC488449,Chrysochromulinaceae,Chrysochromulina,Chrysochromulina_sp,BBL1SF10_59
f8f1c3d64e063d9e392662dc4c3c5918,EF172993|Prymnesium_sp(SSRPD92),99.2,3e-128,EF172993,Prymnesiaceae,Prymnesium,Prymnesium_sp,SSRPD92
fec2508d11571bb1eb26bcb926a86d96,Unclassified,98.01,2.9999999999999995e-123,Unclassified,Unclassified,Unclassified,Unclassified,Unclassified
f0cb0030f4b275bdbacc4fe96885aad3,KF130521|Chrysochromulina_sp(ST8900_013),99.6,7e-130,KF130521,Chrysochromulinaceae,Chrysochromulina,Chrysochromulina_sp,ST8900_013
862d4e318c57e75ff2d98f630124a2c5,JX680388|Clade_E(Ma130_Pry1_C9),99.6,7e-130,JX680388,Clade_E,Clade_E,Clade_E,Ma130_Pry1_C9
4e8ebde90ae417bbfb9bab7af936a34a,KF130288|Clade_HAP4(ST6060_063),96.02,2.9999999999999994e-114,KF130288,Clade_HAP4,Clade_HAP4,Clade_HAP4,ST6060_063
d543f1d3a57859f7633c9f693185a737,EU500064|Clade_HAP4(hotxp1f3),97.2,7e-120,EU500064,Clade_HAP4,Clade_HAP4,Clade_HAP4,hotxp1f3
85ff06c4bf4954b5340bdc9cfeca22df,KF129994|Clade_HAP5(ST5900_037),98,2.9999999999999995e-123,KF129994,Clade_HAP5,Clade_HAP5,Clade_HAP5,ST5900_037
e1231fe0d2b8b78f47d1bd4373b04dd5,AJ246279|Chrysochromulina_throndsenii(UIO049_(K11)),100,1.9999999999999997e-131,AJ246279,Chrysochromulinaceae,Chrysochromulina,Chrysochromulina_throndsenii,UIO049_(K11)
e181025d20202dd45167a0c15ac5918f,KJ762999|Chrysochromulina_sp(SGUH1383),99.6,7e-130,KJ762999,Chrysochromulinaceae,Chrysochromulina,Chrysochromulina_sp,SGUH1383
19d56545609f238377b68f603f6e8e98,EF695195|Chrysochromulina_sp(hotp1e8),100,1.9999999999999997e-131,EF695195,Chrysochromulinaceae,Chrysochromulina,Chrysochromulina_sp,hotp1e8
eb62e21c7df0dbb37b414fafe4df5816,KF130550|Chrysochromulina_sp(ST8900_047),97.2,7e-120,KF130550,Chrysochromulinaceae,Chrysochromulina,Chrysochromulina_sp,ST8900_047
c2f2e81ac4eb0e9b95d11959da5cfa48,JX680362|Clade_E(DH122_Pry1_C23),99.2,3e-128,JX680362,Clade_E,Clade_E,Clade_E,DH122_Pry1_C23
ed3d00b97777a445cb4796a092c04229,FJ431454|Chrysochromulina_sp(RA071004N_002),100,1.9999999999999997e-131,FJ431454,Chrysochromulinaceae,Chrysochromulina,Chrysochromulina_sp,RA071004N_002
ed30c514be49e493ad32a091c984f001,KF130288|Clade_HAP4(ST6060_063),96.4,2e-116,KF130288,Clade_HAP4,Clade_HAP4,Clade_HAP4,ST6060_063
42e73dbfe4975a8473c2bc29f2e1286d,FJ537637|Chrysochromulina_sp(Biosope_T65_040),98,2.9999999999999995e-123,FJ537637,Chrysochromulinaceae,Chrysochromulina,Chrysochromulina_sp,Biosope_T65_040
c91e26dc625cd11e490379532972d8b2,JX680342|Clade_HAP3(Ma135_Pav3_C1),98.8,2e-126,JX680342,Clade_HAP3,Clade_HAP3,Clade_HAP3,Ma135_Pav3_C1
bc5721bfee251055d7e4b2c5a1c6cd01,KC582958|Chrysochromulina_sp(RS_12f_10m_00108),100,1.9999999999999997e-131,KC582958,Chrysochromulinaceae,Chrysochromulina,Chrysochromulina_sp,RS_12f_10m_00108
1efd454f86ecebf8418b0b3a81dd195b,KJ763331|Chrysochromulina_sp(SGUH808),99.6,7e-130,KJ763331,Chrysochromulinaceae,Chrysochromulina,Chrysochromulina_sp,SGUH808
120253b2761f95665fb65a6532c899f5,Unclassified,100,1.9999999999999997e-131,Unclassified,Unclassified,Unclassified,Unclassified,Unclassified
fbc3bf5512530890f8e546eef674ed45,Unclassified,99.6,7e-130,Unclassified,Unclassified,Unclassified,Unclassified,Unclassified
107999a3cb27e023742e90e83a2f3cd8,HM581603|Chrysochromulina_sp(FS04R13_10_27Feb07_75m_sort),99.6,7e-130,HM581603,Chrysochromulinaceae,Chrysochromulina,Chrysochromulina_sp,FS04R13_10_27Feb07_75m_sort
d738c9e0eca2ad9313cbfb9c29f58217,FN263276|Chrysochromulina_sp(B5),98.8,2e-126,FN263276,Chrysochromulinaceae,Chrysochromulina,Chrysochromulina_sp,B5
8e0c4fe33f905cb2a7d9d58a823596e4,KF422607|Phaeocystis_rex(CCMP2000),97.2,7e-120,KF422607,Phaeocystaceae,Phaeocystis,Phaeocystis_rex,CCMP2000
6e9efa1ef81b95d6b6853aa0af45eac2,AJ246279|Chrysochromulina_throndsenii(UIO049_(K11)),99.6,7e-130,AJ246279,Chrysochromulinaceae,Chrysochromulina,Chrysochromulina_throndsenii,UIO049_(K11)
e2c4110762de9457e1dbcad9abdc16b8,HQ869389|Chrysochromulina_sp(SHBA737),99.6,7e-130,HQ869389,Chrysochromulinaceae,Chrysochromulina,Chrysochromulina_sp,SHBA737
f08ed60b7089c4d7a37a3fbfe9e9701e,GU825073|Phaeocystis_globosa(AI5F15RJ3B03),99.6,7e-130,GU825073,Phaeocystaceae,Phaeocystis,Phaeocystis_globosa,AI5F15RJ3B03
2289c33a129fda4853da70065bce8543,FJ537637|Chrysochromulina_sp(Biosope_T65_040),98.8,2e-126,FJ537637,Chrysochromulinaceae,Chrysochromulina,Chrysochromulina_sp,Biosope_T65_040
a0ea80f68067ff3513d51b75cf769779,GU824470|Clade_F(AI5F13RM1H01),99.2,3e-128,GU824470,Clade_F,Clade_F,Clade_F,AI5F13RM1H01
c960420bbed203ca81946253f242b6d1,HQ869389|Chrysochromulina_sp(SHBA737),96.8,2.9999999999999997e-118,HQ869389,Chrysochromulinaceae,Chrysochromulina,Chrysochromulina_sp,SHBA737
1641f3dc0a0b8b88618d6ae3f801fef9,HQ394067|Chrysochromulina_sp(T4A4_33),99.2,3e-128,HQ394067,Chrysochromulinaceae,Chrysochromulina,Chrysochromulina_sp,T4A4_33
b318f00957711bc95ebf81f4ab427f1f,KF130288|Clade_HAP4(ST6060_063),96.81,2.9999999999999997e-118,KF130288,Clade_HAP4,Clade_HAP4,Clade_HAP4,ST6060_063
c93968e43143aa03cd871d37c200053c,KJ763331|Chrysochromulina_sp(SGUH808),98.8,2e-126,KJ763331,Chrysochromulinaceae,Chrysochromulina,Chrysochromulina_sp,SGUH808
c6a8bb7f56b42ade3d7b17821aa4fc87,KF422607|Phaeocystis_rex(CCMP2000),100,1.9999999999999997e-131,KF422607,Phaeocystaceae,Phaeocystis,Phaeocystis_rex,CCMP2000
faf49c8f0f1c6bc11e52555dd1676029,JX660995|Phaeocystis_sp(RCC:PCC559),98.4,7.000000000000001e-125,JX660995,Phaeocystaceae,Phaeocystis,Phaeocystis_sp,RCC:PCC559
c094306949b08ab49b10f920bb99769a,FJ431454|Chrysochromulina_sp(RA071004N_002),97.6,1.9999999999999995e-121,FJ431454,Chrysochromulinaceae,Chrysochromulina,Chrysochromulina_sp,RA071004N_002
ccff75926f9c2c07c469c8523fe96191,KF129692|Chrysochromulina_sp(ST3500_114),97.2,7e-120,KF129692,Chrysochromulinaceae,Chrysochromulina,Chrysochromulina_sp,ST3500_114
03633f230269975029ff35bbfdb50e3c,JF308273|Chrysoculter_sp(TB1H05),99.6,7e-130,JF308273,Chrysoculteraceae,Chrysoculter,Chrysoculter_sp,TB1H05
c37b8c53f72e8efa394edba537f256cc,KJ763084|Chrysochromulina_sp(SGUH406),98.4,7.000000000000001e-125,KJ763084,Chrysochromulinaceae,Chrysochromulina,Chrysochromulina_sp,SGUH406
80f68c5e541a5bfd0875909f977c4258,AJ246279|Chrysochromulina_throndsenii(UIO049_(K11)),99.2,3e-128,AJ246279,Chrysochromulinaceae,Chrysochromulina,Chrysochromulina_throndsenii,UIO049_(K11)
108cb88bc9d6ec7aa025c826ced6af58,KF129692|Chrysochromulina_sp(ST3500_114),99.2,3e-128,KF129692,Chrysochromulinaceae,Chrysochromulina,Chrysochromulina_sp,ST3500_114
c28d60b33ab9d06f7814924c18b15313,AJ544118|Umbilicosphaera_sibogae(ETH4728),100,1.9999999999999997e-131,AJ544118,Calcidiscaceae,Umbilicosphaera,Umbilicosphaera_sibogae,ETH4728
bbf84fe0e9e03fb40ac5d56c5ac746ef,GQ863817|Phaeocystis_sp(AMT15_15_10m_412),96.02,2.9999999999999994e-114,GQ863817,Phaeocystaceae,Phaeocystis,Phaeocystis_sp,AMT15_15_10m_412
50e3a4b9225a8d51df4e6459d68e32e9,Unclassified,98.8,2e-126,Unclassified,Unclassified,Unclassified,Unclassified,Unclassified
902b0b8d35644622045788c8eb1835d3,JX680421|Prymnesium_polylepis(Ma135_Pry1_C41),99.6,7e-130,JX680421,Prymnesiaceae,Prymnesium,Prymnesium_polylepis,Ma135_Pry1_C41
2906f25548fe90facea166d81581aeaf,KF129994|Clade_HAP5(ST5900_037),97.2,7e-120,KF129994,Clade_HAP5,Clade_HAP5,Clade_HAP5,ST5900_037
28c646af8e34e23f6eb951edfdb31801,EF172993|Prymnesium_sp(SSRPD92),99.2,3e-128,EF172993,Prymnesiaceae,Prymnesium,Prymnesium_sp,SSRPD92
24e3a3e1bf5a2b0e0fef69c645fd27ac,KF130550|Chrysochromulina_sp(ST8900_047),98,2.9999999999999995e-123,KF130550,Chrysochromulinaceae,Chrysochromulina,Chrysochromulina_sp,ST8900_047
33f94b012f71b1d0128a4c0b8a6e1ddb,JX680373|Prymnesium_sp(Ma101_Pry1_C24),100,1.9999999999999997e-131,JX680373,Prymnesiaceae,Prymnesium,Prymnesium_sp,Ma101_Pry1_C24
37e098c2516acabd88c47bc7e523b406,FN263276|Chrysochromulina_sp(B5),98,2.9999999999999995e-123,FN263276,Chrysochromulinaceae,Chrysochromulina,Chrysochromulina_sp,B5
9edd7b35368b262dec3f35fc5bf256ee,EF695123|Phaeocystis_sp(hotp2a4),99.6,7e-130,EF695123,Phaeocystaceae,Phaeocystis,Phaeocystis_sp,hotp2a4
1a84bd1efb8ddd2416f94341d73c1835,AM490987|Syracosphaera_pulchra(ALGO_GK_17),98.8,2e-126,AM490987,Syracosphaeraceae,Syracosphaera,Syracosphaera_pulchra,ALGO_GK_17
79e4097bde1158be74c4755c0c01cdc6,DQ918951|Clade_HAP4(ENVP366_00164),99.12,6.9999999999999995e-115,DQ918951,Clade_HAP4,Clade_HAP4,Clade_HAP4,ENVP366_00164
2ca7c96691bf69b7aa7ee41d1971f375,JX661041|Chrysochromulina_sp(Vil64),99.6,7e-130,JX661041,Chrysochromulinaceae,Chrysochromulina,Chrysochromulina_sp,Vil64
88702f7a4b73a4e3d955e18622dd38d1,GU825016|Chrysochromulina_sp(AA5F15RM4B01),99.6,7e-130,GU825016,Chrysochromulinaceae,Chrysochromulina,Chrysochromulina_sp,AA5F15RM4B01
0f01b0258e34c0416fe30e9cd8ce4475,KJ763084|Chrysochromulina_sp(SGUH406),97.6,1.9999999999999995e-121,KJ763084,Chrysochromulinaceae,Chrysochromulina,Chrysochromulina_sp,SGUH406
bb0e5ebec5779303e169e682b87d12b4,KF130288|Clade_HAP4(ST6060_063),95.63,3e-113,KF130288,Clade_HAP4,Clade_HAP4,Clade_HAP4,ST6060_063
86cde1d7dbcaa40e728650030a2c33e7,JX291802|Prymnesium_sp(7656BH994_SP6),98,2.9999999999999995e-123,JX291802,Prymnesiaceae,Prymnesium,Prymnesium_sp,7656BH994_SP6
a1a854c9dd083fdb9297a31adaad86a2,KF129692|Chrysochromulina_sp(ST3500_114),99.6,7e-130,KF129692,Chrysochromulinaceae,Chrysochromulina,Chrysochromulina_sp,ST3500_114
843dfbb671db5ac44203646aa4c4c013,HQ869452|Phaeocystis_sp(SHBA419),100,1.9999999999999997e-131,HQ869452,Phaeocystaceae,Phaeocystis,Phaeocystis_sp,SHBA419
dd0c18f6922cff3aacf93c65effa0928,KJ763084|Chrysochromulina_sp(SGUH406),99.2,3e-128,KJ763084,Chrysochromulinaceae,Chrysochromulina,Chrysochromulina_sp,SGUH406
0c619d0c47b424c542a5076141771d2d,KF130288|Clade_HAP4(ST6060_063),99.6,7e-130,KF130288,Clade_HAP4,Clade_HAP4,Clade_HAP4,ST6060_063
1e80f904d8be4f876bf9299df2487d92,AM490984|Scyphosphaera_apsteinii(ALGO_TW16),98.8,2e-126,AM490984,Pontosphaeraceae,Scyphosphaera,Scyphosphaera_apsteinii,ALGO_TW16
ab687a1b6fb90dd7455f869316648be5,HM581603|Chrysochromulina_sp(FS04R13_10_27Feb07_75m_sort),98.41,7.000000000000001e-125,HM581603,Chrysochromulinaceae,Chrysochromulina,Chrysochromulina_sp,FS04R13_10_27Feb07_75m_sort
9cfbb1438cea7c038e0ea19412cc8a06,JX680373|Prymnesium_sp(Ma101_Pry1_C24),93.6,7e-105,JX680373,Prymnesiaceae,Prymnesium,Prymnesium_sp,Ma101_Pry1_C24
1d6b409a61c76ecda78b5eed0a2ff5c5,EU500064|Clade_HAP4(hotxp1f3),99.6,7e-130,EU500064,Clade_HAP4,Clade_HAP4,Clade_HAP4,hotxp1f3
5cb33bf984f5ed3ab1bcdf0e3dface82,JX680407|Chrysochromulina_sp(Ma135_Pry1_C34),97.6,1.9999999999999995e-121,JX680407,Chrysochromulinaceae,Chrysochromulina,Chrysochromulina_sp,Ma135_Pry1_C34
ecc5d926d6d249305c0110b487c15fdc,HQ868546|Chrysochromulina_sp(SHAX774),100,1.9999999999999997e-131,HQ868546,Chrysochromulinaceae,Chrysochromulina,Chrysochromulina_sp,SHAX774
50e00504d06c579a2e8c72b26d5287df,HM858457|Clade_B4(MO_011_5m_00022),100,6.9999999999999995e-115,HM858457,Clade_B4,Clade_B4,Clade_B4,MO_011_5m_00022
dcc273ef63c31bbcb4692e641af15724,KF129796|Chrysochromulina_sp(ST3900_006),100,1.9999999999999997e-131,KF129796,Chrysochromulinaceae,Chrysochromulina,Chrysochromulina_sp,ST3900_006
c04b88019bedb2f9160a7b9c86c69c8b,JX680364|Chrysochromulina_sp(DH122_Pry1_C28),98,2.9999999999999995e-123,JX680364,Chrysochromulinaceae,Chrysochromulina,Chrysochromulina_sp,DH122_Pry1_C28
a9d16c474e895478ac2783b57f53674f,HM581600|Clade_B3(FS04R14_1_27Feb07_75m_sort),100,1.9999999999999997e-131,HM581600,Clade_B3,Clade_B3,Clade_B3,FS04R14_1_27Feb07_75m_sort
90d44765439939242c60274898b62a82,FN263276|Chrysochromulina_sp(B5),99.6,7e-130,FN263276,Chrysochromulinaceae,Chrysochromulina,Chrysochromulina_sp,B5
303ac12edcf45a84cc8f173c410c5886,AB199882|Chrysochromulina_sp(MBIC10513),98,2.9999999999999995e-123,AB199882,Chrysochromulinaceae,Chrysochromulina,Chrysochromulina_sp,MBIC10513
0c9abeb1e97bb28f4bfecf468be1d7cf,KJ762999|Chrysochromulina_sp(SGUH1383),99.2,3e-128,KJ762999,Chrysochromulinaceae,Chrysochromulina,Chrysochromulina_sp,SGUH1383
938768f5672f24c8f33d8fb83248c891,Unclassified,99.6,7e-130,Unclassified,Unclassified,Unclassified,Unclassified,Unclassified
982636ece87c3e70a065b872d0c4d550,AM490987|Syracosphaera_pulchra(ALGO_GK_17),99.6,7e-130,AM490987,Syracosphaeraceae,Syracosphaera,Syracosphaera_pulchra,ALGO_GK_17
90d4064c2821ed41632dae8193cdf1a0,AB478413|Braarudosphaera_bigelowii(Furue15),99.6,7e-130,AB478413,Braarudosphaeraceae,Braarudosphaera,Braarudosphaera_bigelowii,Furue15
2291a10e6d5d7526d113be2e8609da7c,DQ918951|Clade_HAP4(ENVP366_00164),99.12,1.9999999999999999e-115,DQ918951,Clade_HAP4,Clade_HAP4,Clade_HAP4,ENVP366_00164
9470e8faabfa67c25b804851ad99c942,JX680364|Chrysochromulina_sp(DH122_Pry1_C28),99.2,3e-128,JX680364,Chrysochromulinaceae,Chrysochromulina,Chrysochromulina_sp,DH122_Pry1_C28
976b2e16b8d3011bd8c96cd82d43edd4,Unclassified,98.4,7.000000000000001e-125,Unclassified,Unclassified,Unclassified,Unclassified,Unclassified
b2895859d6557fd9e071326a63daa321,JX680402|Prymnesium_sp(Ma135_Pry1_C21),100,1.9999999999999997e-131,JX680402,Prymnesiaceae,Prymnesium,Prymnesium_sp,Ma135_Pry1_C21
cfff8a43bf08752175a75c6234d8de5a,KC582958|Chrysochromulina_sp(RS_12f_10m_00108),99.2,3e-128,KC582958,Chrysochromulinaceae,Chrysochromulina,Chrysochromulina_sp,RS_12f_10m_00108
b11df2a1403844cfc847d534d0bfaeed,HM581603|Chrysochromulina_sp(FS04R13_10_27Feb07_75m_sort),99.2,3e-128,HM581603,Chrysochromulinaceae,Chrysochromulina,Chrysochromulina_sp,FS04R13_10_27Feb07_75m_sort
1e3f5e61c6f0acc40041a2b063c9f02c,HM581603|Chrysochromulina_sp(FS04R13_10_27Feb07_75m_sort),99.2,3e-128,HM581603,Chrysochromulinaceae,Chrysochromulina,Chrysochromulina_sp,FS04R13_10_27Feb07_75m_sort
02c4df46f7ecb7d11845240473874e8f,JX680364|Chrysochromulina_sp(DH122_Pry1_C28),98.8,2e-126,JX680364,Chrysochromulinaceae,Chrysochromulina,Chrysochromulina_sp,DH122_Pry1_C28
49b572b7fd6684a4de3c7937627e87bd,AM490987|Syracosphaera_pulchra(ALGO_GK_17),100,1.9999999999999997e-131,AM490987,Syracosphaeraceae,Syracosphaera,Syracosphaera_pulchra,ALGO_GK_17
3c866e78fa928b605cd7a81e12e84857,AB478413|Braarudosphaera_bigelowii(Furue15),99.6,7e-130,AB478413,Braarudosphaeraceae,Braarudosphaera,Braarudosphaera_bigelowii,Furue15
3e93802a80406cf9248bc1a7bd91510b,GU825016|Chrysochromulina_sp(AA5F15RM4B01),99.2,3e-128,GU825016,Chrysochromulinaceae,Chrysochromulina,Chrysochromulina_sp,AA5F15RM4B01
ec3bb382705ba04c0ecdacf9c66ddaac,JX680407|Chrysochromulina_sp(Ma135_Pry1_C34),98.8,2e-126,JX680407,Chrysochromulinaceae,Chrysochromulina,Chrysochromulina_sp,Ma135_Pry1_C34
ded64dd844bd984a5872972a1703b9dd,HQ870464|Chrysochromulina_sp(SIAA409),99.2,3e-128,HQ870464,Chrysochromulinaceae,Chrysochromulina,Chrysochromulina_sp,SIAA409
5bb13de9d4dd579d9695535bbd439bab,AM490978|Chrysotila_scherffelii(ALGO_HAP11),95.22,1.9999999999999998e-111,AM490978,Chrysotilaceae,Chrysotila,Chrysotila_scherffelii,ALGO_HAP11
a8cf63a49986812565fa5e2adbff43f5,KJ763188|Haptolina_sp(SGUH579),99.6,7e-130,KJ763188,Prymnesiaceae,Haptolina,Haptolina_sp,SGUH579
262d46175284bd96236eca37dd9283e9,KJ763188|Haptolina_sp(SGUH579),99.6,7e-130,KJ763188,Prymnesiaceae,Haptolina,Haptolina_sp,SGUH579
6f53f4da2ddab019ba132fa7f5eb33b0,JX291802|Prymnesium_sp(7656BH994_SP6),99.2,3e-128,JX291802,Prymnesiaceae,Prymnesium,Prymnesium_sp,7656BH994_SP6
bc8cbb98426ecca2be7358f284a69557,HQ868922|Chrysochromulina_sp(SHAX408),100,1.9999999999999997e-131,HQ868922,Chrysochromulinaceae,Chrysochromulina,Chrysochromulina_sp,SHAX408
9efdf816a6cb77fd14ecf5075ab2c548,KF130564|Clade_B4(ST8900_063),98,2.9999999999999995e-123,KF130564,Clade_B4,Clade_B4,Clade_B4,ST8900_063
e970423c2d27418a5c8b97f65bf6c188,JX680386|Prymnesium_sp(Ma130_Pry1_C4),98.41,7.000000000000001e-125,JX680386,Prymnesiaceae,Prymnesium,Prymnesium_sp,Ma130_Pry1_C4
51ed1509eb32d8f2752f1e4cc5f084ab,Unclassified,97.6,1.9999999999999995e-121,Unclassified,Unclassified,Unclassified,Unclassified,Unclassified
dd70a2311a3e4aff1ad1af57b073ff75,KJ758537|Clade_HAP4(SGYU1187),95.2,1.9999999999999998e-111,KJ758537,Clade_HAP4,Clade_HAP4,Clade_HAP4,SGYU1187
e0286930ac2b7d604209061bbdf10663,EF172993|Prymnesium_sp(SSRPD92),99.2,3e-128,EF172993,Prymnesiaceae,Prymnesium,Prymnesium_sp,SSRPD92
13b72f7911f201fd26462c45dedfd954,JX680440|Clade_B3(Ma135_Pry1_C49),96.8,2.9999999999999997e-118,JX680440,Clade_B3,Clade_B3,Clade_B3,Ma135_Pry1_C49
85bde626f59ce8d97eaab1d953ef0121,AM490985|Algirosphaera_robusta(ALGO_Am_24),100,1.9999999999999997e-131,AM490985,Rhabdosphaeraceae,Algirosphaera,Algirosphaera_robusta,ALGO_Am_24
5d79dcb2153d5fbe4005658d32c46d5e,JX680407|Chrysochromulina_sp(Ma135_Pry1_C34),96.8,2.9999999999999997e-118,JX680407,Chrysochromulinaceae,Chrysochromulina,Chrysochromulina_sp,Ma135_Pry1_C34
a62ebbd867607a0cde6673eb2c808116,EU500064|Clade_HAP4(hotxp1f3),97.2,7e-120,EU500064,Clade_HAP4,Clade_HAP4,Clade_HAP4,hotxp1f3
64f10135ca1a6ddc5ad0ebd7b4a89d27,EF695123|Phaeocystis_sp(hotp2a4),97.6,1.9999999999999995e-121,EF695123,Phaeocystaceae,Phaeocystis,Phaeocystis_sp,hotp2a4
3585f30b0ec10cd7e4817bae19960286,KF129994|Clade_HAP5(ST5900_037),99.2,3e-128,KF129994,Clade_HAP5,Clade_HAP5,Clade_HAP5,ST5900_037
d1dc21e382b9b542aa36d87a28d814db,EU500064|Clade_HAP4(hotxp1f3),98.8,2e-126,EU500064,Clade_HAP4,Clade_HAP4,Clade_HAP4,hotxp1f3
d7f2183a2312bb0dc9cd92a92a344e06,KJ763084|Chrysochromulina_sp(SGUH406),99.2,3e-128,KJ763084,Chrysochromulinaceae,Chrysochromulina,Chrysochromulina_sp,SGUH406
34b6042e4b5be58cf6ef68c9609bfddb,GU825177|Clade_HAP4(AA5F15RM1D01),92.83,1.9999999999999998e-101,GU825177,Clade_HAP4,Clade_HAP4,Clade_HAP4,AA5F15RM1D01
26ebdde62db152054e2a8f6315811f67,KJ763331|Chrysochromulina_sp(SGUH808),98.8,2e-126,KJ763331,Chrysochromulinaceae,Chrysochromulina,Chrysochromulina_sp,SGUH808
a99ecce9bb4cc34cc4d62b218005a2bd,HM581532|Clade_HAP5(FS01AA17_01Aug05_5m),94.42,1e-107,HM581532,Clade_HAP5,Clade_HAP5,Clade_HAP5,FS01AA17_01Aug05_5m
8c8c9764e8ce6bf690d06fbe54c87a14,KJ763084|Chrysochromulina_sp(SGUH406),98.4,7.000000000000001e-125,KJ763084,Chrysochromulinaceae,Chrysochromulina,Chrysochromulina_sp,SGUH406
2cfd5dc8bbdda6d3c87e44f9dc6b2d09,FJ431406|Chrysochromulina_sp(RA071004N_038),99.6,7e-130,FJ431406,Chrysochromulinaceae,Chrysochromulina,Chrysochromulina_sp,RA071004N_038
895a6891012e048d63c520e8df2bd1ce,AM491026|Oolithotus_fragilis(ALGO_AS641),99.6,7e-130,AM491026,Calcidiscaceae,Oolithus,Oolithotus_fragilis,ALGO_AS641
4b5788d0b5b7aa440eda5cb129919457,AJ544116|Calcidiscus_leptoporus(AS31),96.02,2.9999999999999994e-114,AJ544116,Calcidiscaceae,Calcidiscus,Calcidiscus_leptoporus,AS31
28438b71b4b3a94398a1ba66a97fe712,Unclassified,96.4,2e-116,Unclassified,Unclassified,Unclassified,Unclassified,Unclassified
58b33a22e62d363ec199bf19e8ad2c91,EU500064|Clade_HAP4(hotxp1f3),96,2.9999999999999994e-114,EU500064,Clade_HAP4,Clade_HAP4,Clade_HAP4,hotxp1f3
401b430ea9f72a46b16d13f2c0b88d2d,FJ537342|Clade_HAP2(Biosope_T65_100),100,1.9999999999999997e-131,FJ537342,Clade_HAP2,Clade_HAP2,Clade_HAP2,Biosope_T65_100
36b465083256cbfefdb44506b7d94107,Unclassified,99.2,3e-128,Unclassified,Unclassified,Unclassified,Unclassified,Unclassified
5fffe26d5369f0ab4705bc636aac5e3b,FN263276|Chrysochromulina_sp(B5),99.6,7e-130,FN263276,Chrysochromulinaceae,Chrysochromulina,Chrysochromulina_sp,B5
8f0d396ade0bea85d67a897fd7d9e77e,JX680370|Phaeocystis_antarctica(DH129_Pry1_C20),100,1.9999999999999997e-131,JX680370,Phaeocystaceae,Phaeocystis,Phaeocystis_antarctica,DH129_Pry1_C20
d0ba2a785ccc17c0032422fa1afb4654,KF129994|Clade_HAP5(ST5900_037),97.6,1.9999999999999995e-121,KF129994,Clade_HAP5,Clade_HAP5,Clade_HAP5,ST5900_037
075098894031ff0b9db781103fe07a07,KF130396|Algirosphaera_sp(ST8300_084),100,1.9999999999999997e-131,KF130396,Rhabdosphaeraceae,Algirosphaera,Algirosphaera_sp,ST8300_084
1ac5e017c98eb240e8d1bd91a93996c5,EF172993|Prymnesium_sp(SSRPD92),99.2,3e-128,EF172993,Prymnesiaceae,Prymnesium,Prymnesium_sp,SSRPD92
fbbc40023adabc1185c8c2a15c42faaf,KJ763331|Chrysochromulina_sp(SGUH808),98.4,3e-124,KJ763331,Chrysochromulinaceae,Chrysochromulina,Chrysochromulina_sp,SGUH808
fc3598234c6af2f2f40d08d2138d114a,Unclassified,96,6.9999999999999995e-115,Unclassified,Unclassified,Unclassified,Unclassified,Unclassified
a013651bbe8ca9a919d701e088a5760a,JX680373|Prymnesium_sp(Ma101_Pry1_C24),95.2,1.9999999999999998e-111,JX680373,Prymnesiaceae,Prymnesium,Prymnesium_sp,Ma101_Pry1_C24
e6ec2c23975f427b480560740075610c,KF130564|Clade_B4(ST8900_063),96.8,2.9999999999999997e-118,KF130564,Clade_B4,Clade_B4,Clade_B4,ST8900_063
f751227cbdff138bc745b5e64a467701,DQ918951|Clade_HAP4(ENVP366_00164),97.8,1.9999999999999998e-110,DQ918951,Clade_HAP4,Clade_HAP4,Clade_HAP4,ENVP366_00164
4882b64dff8de22b097724a2f65fecb2,AM490984|Scyphosphaera_apsteinii(ALGO_TW16),99.2,3e-128,AM490984,Pontosphaeraceae,Scyphosphaera,Scyphosphaera_apsteinii,ALGO_TW16
2eab4665dadb8968dfc2e0a550aeb999,HQ868699|Clade_HAP3(SHAX937),98,2.9999999999999995e-123,HQ868699,Clade_HAP3,Clade_HAP3,Clade_HAP3,SHAX937
1d58135c6b4419406877690e054cade5,AB183611|Prymnesium_sp(MBIC10528),98.8,2e-126,AB183611,Prymnesiaceae,Prymnesium,Prymnesium_sp,MBIC10528
595a4f355e09200941617909ade1bc00,KF130288|Clade_HAP4(ST6060_063),96.4,2e-116,KF130288,Clade_HAP4,Clade_HAP4,Clade_HAP4,ST6060_063
babe660d966b390ff34a55a55526319f,GU824821|Clade_HAP2(BCA5F15RM3F05),97.6,1.9999999999999995e-121,GU824821,Clade_HAP2,Clade_HAP2,Clade_HAP2,BCA5F15RM3F05
d3ec4c4042db6abd615b18c6e69b8e1e,KF130175|Clade_HAP3(ST6000_025),98.8,2e-126,KF130175,Clade_HAP3,Clade_HAP3,Clade_HAP3,ST6000_025
6e25486349670a60b571157e70ac6f08,Unclassified,97.6,1.9999999999999995e-121,Unclassified,Unclassified,Unclassified,Unclassified,Unclassified
8aa84218b5f4d25e86757c9f1e156258,JX291802|Prymnesium_sp(7656BH994_SP6),97.6,1.9999999999999995e-121,JX291802,Prymnesiaceae,Prymnesium,Prymnesium_sp,7656BH994_SP6
7e7cd5e4836909d0778eda6725be3090,JX291802|Prymnesium_sp(7656BH994_SP6),98,2.9999999999999995e-123,JX291802,Prymnesiaceae,Prymnesium,Prymnesium_sp,7656BH994_SP6
7b29d85e499d5cf76e01d7de9b18ecf6,AB478413|Braarudosphaera_bigelowii(Furue15),99.6,7e-130,AB478413,Braarudosphaeraceae,Braarudosphaera,Braarudosphaera_bigelowii,Furue15
ab25f248132c06e9a17082e9c766e3fa,AB983345|Gladiolithus_sp(isolate_VFsc26),98.4,7.000000000000001e-125,AB983345,Calcihaptophycidae,Gladiolithus,Gladiolithus_sp,isolate_VFsc26
7c7161700cd1288c4ec58b91ed649e44,Unclassified,98,2.9999999999999995e-123,Unclassified,Unclassified,Unclassified,Unclassified,Unclassified
3a88171d2c8e87846aa374f407b37d1a,KF129994|Clade_HAP5(ST5900_037),95.2,1.9999999999999998e-111,KF129994,Clade_HAP5,Clade_HAP5,Clade_HAP5,ST5900_037
6e3f5cf3862ae450e97b134053391280,KF130396|Algirosphaera_sp(ST8300_084),99.2,3e-128,KF130396,Rhabdosphaeraceae,Algirosphaera,Algirosphaera_sp,ST8300_084
9713ddc16514f24b7e0483a5af488f52,KJ763084|Chrysochromulina_sp(SGUH406),98,2.9999999999999995e-123,KJ763084,Chrysochromulinaceae,Chrysochromulina,Chrysochromulina_sp,SGUH406
34f429846fa8c7dabbffb1c6a3c34cf4,HQ864929|Clade_B3(SGPX503),98.8,2e-126,HQ864929,Clade_B3,Clade_B3,Clade_B3,SGPX503
54f03387ec7037c5fce2468ba9d03bd1,JN090869|Prymnesium_sp(KRL01E9),98.4,7.000000000000001e-125,JN090869,Prymnesiaceae,Prymnesium,Prymnesium_sp,KRL01E9
6f6bd41feacbe7c8cb86bd6f107e75ad,KJ763188|Haptolina_sp(SGUH579),99.2,3e-128,KJ763188,Prymnesiaceae,Haptolina,Haptolina_sp,SGUH579
b3d5e2c7cc19e58d286d7838f4b6e21c,AB183611|Prymnesium_sp(MBIC10528),97.6,1.9999999999999995e-121,AB183611,Prymnesiaceae,Prymnesium,Prymnesium_sp,MBIC10528
eb04790ed702b7fd23bb0d4096dcfe47,KJ763084|Chrysochromulina_sp(SGUH406),97.6,1.9999999999999995e-121,KJ763084,Chrysochromulinaceae,Chrysochromulina,Chrysochromulina_sp,SGUH406
d64d5f480f7848e534e0f29c06f9067a,Unclassified,98.4,7.000000000000001e-125,Unclassified,Unclassified,Unclassified,Unclassified,Unclassified
05bc3465021bf8b61b2e88484b25622d,JX291802|Prymnesium_sp(7656BH994_SP6),98.8,2e-126,JX291802,Prymnesiaceae,Prymnesium,Prymnesium_sp,7656BH994_SP6
9fefe27766f68420f66cc81c07e86e8f,JX680373|Prymnesium_sp(Ma101_Pry1_C24),95.62,3e-113,JX680373,Prymnesiaceae,Prymnesium,Prymnesium_sp,Ma101_Pry1_C24
1e5f71a97aa7dbebd87a0c247cd952cb,AB183611|Prymnesium_sp(MBIC10528),98.4,7.000000000000001e-125,AB183611,Prymnesiaceae,Prymnesium,Prymnesium_sp,MBIC10528
fd659da60232e1d9ffef459c19368ea1,KF130175|Clade_HAP3(ST6000_025),99.6,7e-130,KF130175,Clade_HAP3,Clade_HAP3,Clade_HAP3,ST6000_025
3270e44c4a0a75585bb4652062ed44b0,FN263276|Chrysochromulina_sp(B5),98.4,7.000000000000001e-125,FN263276,Chrysochromulinaceae,Chrysochromulina,Chrysochromulina_sp,B5
ba6ddbef0d1c4e53d75248d4bb673e42,Unclassified,99.2,3e-128,Unclassified,Unclassified,Unclassified,Unclassified,Unclassified
988ef4a33f56748b02b0ed8cb4d20dfd,JF308273|Chrysoculter_sp(TB1H05),98.41,7.000000000000001e-125,JF308273,Chrysoculteraceae,Chrysoculter,Chrysoculter_sp,TB1H05
08bd1d028a89657b6a79eef558e417a8,HQ868699|Clade_HAP3(SHAX937),96.4,2e-116,HQ868699,Clade_HAP3,Clade_HAP3,Clade_HAP3,SHAX937
eaf515d5503898b81e440ef2f6a9ccc4,FN263276|Chrysochromulina_sp(B5),99.2,3e-128,FN263276,Chrysochromulinaceae,Chrysochromulina,Chrysochromulina_sp,B5
ae5cdcd521c0d01b335063d1a09a6243,FN263276|Chrysochromulina_sp(B5),98.8,2e-126,FN263276,Chrysochromulinaceae,Chrysochromulina,Chrysochromulina_sp,B5
b00e7673296f634c7f521342b5fce455,HM581600|Clade_B3(FS04R14_1_27Feb07_75m_sort),99.6,3e-129,HM581600,Clade_B3,Clade_B3,Clade_B3,FS04R14_1_27Feb07_75m_sort
f5dd03a16ec1b7e0ab4209d8eb10656c,AM491006|Prymnesium_sp(ALGO_HAPPM),99.2,3e-128,AM491006,Prymnesiaceae,Prymnesium,Prymnesium_sp,ALGO_HAPPM
9b41232cb26adc64f02899008453f14c,AM490984|Scyphosphaera_apsteinii(ALGO_TW16),99.2,3e-128,AM490984,Pontosphaeraceae,Scyphosphaera,Scyphosphaera_apsteinii,ALGO_TW16
fd525f1fbbc2e0d27d3273d7da7af253,JX291802|Prymnesium_sp(7656BH994_SP6),97.6,1.9999999999999995e-121,JX291802,Prymnesiaceae,Prymnesium,Prymnesium_sp,7656BH994_SP6
00be5f44b53fd23198a6e84709f792b1,EF172993|Prymnesium_sp(SSRPD92),98.8,2e-126,EF172993,Prymnesiaceae,Prymnesium,Prymnesium_sp,SSRPD92
416c705aa527112703a1c696bc029804,AM491009|Prymnesium_aff_polylepis(PLY_200),96.4,2e-116,AM491009,Prymnesiaceae,Prymnesium,Prymnesium_aff_polylepis,PLY_200
7c972e88ae892df92c4d308ba55f93fa,AB183611|Prymnesium_sp(MBIC10528),99.6,7e-130,AB183611,Prymnesiaceae,Prymnesium,Prymnesium_sp,MBIC10528
f1b40bc22f3d8019c5219eebb272f866,JN090869|Prymnesium_sp(KRL01E9),98,2.9999999999999995e-123,JN090869,Prymnesiaceae,Prymnesium,Prymnesium_sp,KRL01E9
98e6718cd250cfa17c79b43a1a7d2b4c,JX291802|Prymnesium_sp(7656BH994_SP6),98.8,2e-126,JX291802,Prymnesiaceae,Prymnesium,Prymnesium_sp,7656BH994_SP6
1a96d7d69a6d93081936f8ddf2c69d84,EU500064|Clade_HAP4(hotxp1f3),96.8,1e-117,EU500064,Clade_HAP4,Clade_HAP4,Clade_HAP4,hotxp1f3
bd6880436913d674d5858ea36345acca,AB199882|Chrysochromulina_sp(MBIC10513),97.2,7e-120,AB199882,Chrysochromulinaceae,Chrysochromulina,Chrysochromulina_sp,MBIC10513
9b3bf36ce89aaf12f9d81a7020edfdfd,AM491009|Prymnesium_aff_polylepis(PLY_200),97.6,1.9999999999999995e-121,AM491009,Prymnesiaceae,Prymnesium,Prymnesium_aff_polylepis,PLY_200
f6a98d69f2f39b119fb3ecb20455bf1d,KJ763331|Chrysochromulina_sp(SGUH808),98.8,2e-126,KJ763331,Chrysochromulinaceae,Chrysochromulina,Chrysochromulina_sp,SGUH808
d0290de652d2ccd4f2d4aba60e763195,EF172993|Prymnesium_sp(SSRPD92),97.2,7e-120,EF172993,Prymnesiaceae,Prymnesium,Prymnesium_sp,SSRPD92
252a6453fe6ee34f7d3a435877b6f2c6,HM581532|Clade_HAP5(FS01AA17_01Aug05_5m),99.2,9.999999999999998e-128,HM581532,Clade_HAP5,Clade_HAP5,Clade_HAP5,FS01AA17_01Aug05_5m
3ddfd6a6000d34929faeab19162ba2fb,JX680373|Prymnesium_sp(Ma101_Pry1_C24),96.41,2e-116,JX680373,Prymnesiaceae,Prymnesium,Prymnesium_sp,Ma101_Pry1_C24
e477fffb7e5ea01f18d8191f618e1896,KF130550|Chrysochromulina_sp(ST8900_047),98.4,7.000000000000001e-125,KF130550,Chrysochromulinaceae,Chrysochromulina,Chrysochromulina_sp,ST8900_047
5064e0cdf1436e3125e468e93732736c,JX680364|Chrysochromulina_sp(DH122_Pry1_C28),99.2,3e-128,JX680364,Chrysochromulinaceae,Chrysochromulina,Chrysochromulina_sp,DH122_Pry1_C28
bcd7b7d478c7285fe2f6d64cfb58c435,KF129994|Clade_HAP5(ST5900_037),98,2.9999999999999995e-123,KF129994,Clade_HAP5,Clade_HAP5,Clade_HAP5,ST5900_037
01ba621af80e284ab64ef92a93a49397,JX291802|Prymnesium_sp(7656BH994_SP6),98,2.9999999999999995e-123,JX291802,Prymnesiaceae,Prymnesium,Prymnesium_sp,7656BH994_SP6
26808a5ac4cba5ba1c3e144589ee5646,HQ868546|Chrysochromulina_sp(SHAX774),97.22,7e-120,HQ868546,Chrysochromulinaceae,Chrysochromulina,Chrysochromulina_sp,SHAX774
14f0399b49c8ae144954ac6598cb340c,GU825016|Chrysochromulina_sp(AA5F15RM4B01),98.4,7.000000000000001e-125,GU825016,Chrysochromulinaceae,Chrysochromulina,Chrysochromulina_sp,AA5F15RM4B01
fc463ed3e6bd0e354ab91912a95e3ea3,KF130550|Chrysochromulina_sp(ST8900_047),96.4,2e-116,KF130550,Chrysochromulinaceae,Chrysochromulina,Chrysochromulina_sp,ST8900_047
6ebb0bb8d9641c04558b2f9e927f8785,EF172966|Chrysochromulina_sp(B04N10),99.6,7e-130,EF172966,Chrysochromulinaceae,Chrysochromulina,Chrysochromulina_sp,B04N10
1b83f0ef27858ecd843727e0b62f7d0f,KF129994|Clade_HAP5(ST5900_037),97.2,7e-120,KF129994,Clade_HAP5,Clade_HAP5,Clade_HAP5,ST5900_037
cd650fe26f0cfb2bce3223c61396663b,KF130550|Chrysochromulina_sp(ST8900_047),97.61,1.9999999999999995e-121,KF130550,Chrysochromulinaceae,Chrysochromulina,Chrysochromulina_sp,ST8900_047
b40f6d003a3d66ed4efc61fa90bc9e1b,KF130564|Clade_B4(ST8900_063),97.6,1.9999999999999995e-121,KF130564,Clade_B4,Clade_B4,Clade_B4,ST8900_063
da26e38b620ddc0571da0a1c10c19417,HQ394067|Chrysochromulina_sp(T4A4_33),98.4,7.000000000000001e-125,HQ394067,Chrysochromulinaceae,Chrysochromulina,Chrysochromulina_sp,T4A4_33
cf10bc14ecb74b5ac1531c8b21c6e61e,KF130288|Clade_HAP4(ST6060_063),96.43,2e-116,KF130288,Clade_HAP4,Clade_HAP4,Clade_HAP4,ST6060_063
3ba297c61ca256ec83ee50ec81ed5811,DQ918951|Clade_HAP4(ENVP366_00164),97.36,2.9999999999999996e-108,DQ918951,Clade_HAP4,Clade_HAP4,Clade_HAP4,ENVP366_00164
05e1a4340cc14fda5edd3d1722cd7a9d,JX291802|Prymnesium_sp(7656BH994_SP6),98,2.9999999999999995e-123,JX291802,Prymnesiaceae,Prymnesium,Prymnesium_sp,7656BH994_SP6
202547c6bdd4fa01419332d5c87774b3,KF130605|Chrysochromulina_sp(ST8900_118),100,1.9999999999999997e-131,KF130605,Chrysochromulinaceae,Chrysochromulina,Chrysochromulina_sp,ST8900_118
25bf9b64c2549b446e75fe187c6010a7,JX680364|Chrysochromulina_sp(DH122_Pry1_C28),98.8,2e-126,JX680364,Chrysochromulinaceae,Chrysochromulina,Chrysochromulina_sp,DH122_Pry1_C28
2993af531b80049fa1ad9f87c3939b6a,AM490984|Scyphosphaera_apsteinii(ALGO_TW16),99.6,3e-129,AM490984,Pontosphaeraceae,Scyphosphaera,Scyphosphaera_apsteinii,ALGO_TW16
bb0224bf44ce52c23edd2798b1cd2432,EF172966|Chrysochromulina_sp(B04N10),100,1.9999999999999997e-131,EF172966,Chrysochromulinaceae,Chrysochromulina,Chrysochromulina_sp,B04N10
77704079f392968363980cc1d840002a,KF130521|Chrysochromulina_sp(ST8900_013),99.21,9e-129,KF130521,Chrysochromulinaceae,Chrysochromulina,Chrysochromulina_sp,ST8900_013
9e37a0fe973ec08bca5a40383a006551,AM490984|Scyphosphaera_apsteinii(ALGO_TW16),98.41,7.000000000000001e-125,AM490984,Pontosphaeraceae,Scyphosphaera,Scyphosphaera_apsteinii,ALGO_TW16
479542c6d4f7c3686c3bd0261d3c7666,AM490993|Umbilicosphaera_hulburtiana(ALGO_NS3A),100,1.9999999999999997e-131,AM490993,Calcidiscaceae,Umbilicosphaera,Umbilicosphaera_hulburtiana,ALGO_NS3A
628dde6ff8616cba69c6045e5fd244cd,JX680408|Emiliania_Gephyrocapsa_sp(Ma135_Pry1_C4),99.2,3e-128,JX680408,Noelaerhabdaceae,Emiliania_Gephyrocapsa,Emiliania_Gephyrocapsa_sp,Ma135_Pry1_C4
517110fb85e4afc253dfcd422a7fed0b,JX680405|Phaeocystis_globosa(Ma135_Pry1_C26),99.6,7e-130,JX680405,Phaeocystaceae,Phaeocystis,Phaeocystis_globosa,Ma135_Pry1_C26
d128e143c1ee3bb3917f84ae04c71c72,JX680373|Prymnesium_sp(Ma101_Pry1_C24),99.6,7e-130,JX680373,Prymnesiaceae,Prymnesium,Prymnesium_sp,Ma101_Pry1_C24
723bbcd996c1448b2ff69be930e0ff29,Unclassified,97.6,1.9999999999999995e-121,Unclassified,Unclassified,Unclassified,Unclassified,Unclassified
8ce2ba23cfaade2bc919aa641350115e,Unclassified,96.4,2e-116,Unclassified,Unclassified,Unclassified,Unclassified,Unclassified
c34f7f9bacb8ef7590cfc6080b6823e9,Unclassified,98,2.9999999999999995e-123,Unclassified,Unclassified,Unclassified,Unclassified,Unclassified
2a9148886ca8c526749e039f9062bb6b,HM581532|Clade_HAP5(FS01AA17_01Aug05_5m),94.02,5.999999999999999e-106,HM581532,Clade_HAP5,Clade_HAP5,Clade_HAP5,FS01AA17_01Aug05_5m
e7288fad38034d6f58652f463e751082,GU825177|Clade_HAP4(AA5F15RM1D01),98.8,2e-126,GU825177,Clade_HAP4,Clade_HAP4,Clade_HAP4,AA5F15RM1D01
f77024a50c03577fbede61affeedf666,JX680362|Clade_E(DH122_Pry1_C23),99.6,7e-130,JX680362,Clade_E,Clade_E,Clade_E,DH122_Pry1_C23
222047cc04482515c28491985259252f,HM581532|Clade_HAP5(FS01AA17_01Aug05_5m),92.43,3e-99,HM581532,Clade_HAP5,Clade_HAP5,Clade_HAP5,FS01AA17_01Aug05_5m
56a16bec48a1f1bd1076fe4b1671927a,KF130396|Algirosphaera_sp(ST8300_084),98.8,2e-126,KF130396,Rhabdosphaeraceae,Algirosphaera,Algirosphaera_sp,ST8300_084
2e15227cc7d9738e0bb6ad0b1acda0d3,HM581603|Chrysochromulina_sp(FS04R13_10_27Feb07_75m_sort),99.2,3e-128,HM581603,Chrysochromulinaceae,Chrysochromulina,Chrysochromulina_sp,FS04R13_10_27Feb07_75m_sort
e4a0fc332781836d3847b34764c9d254,KJ763239|Chrysochromulina_sp(SGUH646),96.02,6.9999999999999995e-115,KJ763239,Chrysochromulinaceae,Chrysochromulina,Chrysochromulina_sp,SGUH646
45a8799eb619a618f3e7bf60eaadf8da,KJ763084|Chrysochromulina_sp(SGUH406),99.6,7e-130,KJ763084,Chrysochromulinaceae,Chrysochromulina,Chrysochromulina_sp,SGUH406
5d5150321d8c4a43f701be367b4694cf,Unclassified,98.4,7.000000000000001e-125,Unclassified,Unclassified,Unclassified,Unclassified,Unclassified
3be0282dc4274fbb58af7ebfbca44f4b,Unclassified,100,1.9999999999999997e-131,Unclassified,Unclassified,Unclassified,Unclassified,Unclassified
621bac8460da6b31c5934da8b50ba925,KF130175|Clade_HAP3(ST6000_025),99.2,3e-128,KF130175,Clade_HAP3,Clade_HAP3,Clade_HAP3,ST6000_025
ac2d2889b73171e8af67510d50171331,HQ869677|Clade_HAP4(SHBF653),98.8,2e-126,HQ869677,Clade_HAP4,Clade_HAP4,Clade_HAP4,SHBF653
1a65d847f49b269cbbe6451b74a2ee34,EF172993|Prymnesium_sp(SSRPD92),98.4,7.000000000000001e-125,EF172993,Prymnesiaceae,Prymnesium,Prymnesium_sp,SSRPD92
412fd2ef8c4e6bd01791f6c3c2de7ff5,GU825177|Clade_HAP4(AA5F15RM1D01),92.43,7e-100,GU825177,Clade_HAP4,Clade_HAP4,Clade_HAP4,AA5F15RM1D01
bb95cee8ca83be8517c039ac54a56e15,AB478413|Braarudosphaera_bigelowii(Furue15),100,1.9999999999999997e-131,AB478413,Braarudosphaeraceae,Braarudosphaera,Braarudosphaera_bigelowii,Furue15
2880268c2f546e313ee18d7908f61e51,AB250785|Braarudosphaera_bigelowii(TP056b),99.2,3e-128,AB250785,Braarudosphaeraceae,Braarudosphaera,Braarudosphaera_bigelowii,TP056b
355b6d604ab729cb15059d07e5b6283f,AB183265|Prymnesium_neolepis(Yoshida),98.4,3e-124,AB183265,Prymnesiaceae,Prymnesium,Prymnesium_neolepis,Yoshida
924439b90719ad43bdaa9390b5f212b4,EF695123|Phaeocystis_sp(hotp2a4),98.4,7.000000000000001e-125,EF695123,Phaeocystaceae,Phaeocystis,Phaeocystis_sp,hotp2a4
56b06377e504901d9c8655afd96d8ddf,KJ763084|Chrysochromulina_sp(SGUH406),98.4,7.000000000000001e-125,KJ763084,Chrysochromulinaceae,Chrysochromulina,Chrysochromulina_sp,SGUH406
5fe9eeae545a452d98d99fb9a2f7a85b,Unclassified,97.2,7e-120,Unclassified,Unclassified,Unclassified,Unclassified,Unclassified
66386810e618c615a72dd9f17b27f8df,Unclassified,98.4,7.000000000000001e-125,Unclassified,Unclassified,Unclassified,Unclassified,Unclassified
a6e9409db03aaa6064a183a2768324b5,JX680362|Clade_E(DH122_Pry1_C23),99.2,3e-128,JX680362,Clade_E,Clade_E,Clade_E,DH122_Pry1_C23
69a2963babea926a552e671b7c901104,HQ870464|Chrysochromulina_sp(SIAA409),98.8,2e-126,HQ870464,Chrysochromulinaceae,Chrysochromulina,Chrysochromulina_sp,SIAA409
263c86d67a683c3d2159c319089edc1e,FN263276|Chrysochromulina_sp(B5),98.01,2.9999999999999995e-123,FN263276,Chrysochromulinaceae,Chrysochromulina,Chrysochromulina_sp,B5
917227ccc466966ceba10b06d43e15ef,KF129692|Chrysochromulina_sp(ST3500_114),99.2,3e-128,KF129692,Chrysochromulinaceae,Chrysochromulina,Chrysochromulina_sp,ST3500_114
2a6a14569085a9e3bcdb5ec2ef779ecf,KF130396|Algirosphaera_sp(ST8300_084),99.6,7e-130,KF130396,Rhabdosphaeraceae,Algirosphaera,Algirosphaera_sp,ST8300_084
7bf1cf3c0cf56ff147ffc63438294f29,GU825016|Chrysochromulina_sp(AA5F15RM4B01),98,2.9999999999999995e-123,GU825016,Chrysochromulinaceae,Chrysochromulina,Chrysochromulina_sp,AA5F15RM4B01
0f61e1020b2f4730ca2a4ac03c4a58ef,JF714227|Exanthemachrysis_sp(AC35),94.07,2e-106,JF714227,Pavlovaceae,Exanthemachrysis,Exanthemachrysis_sp,AC35
703fb2f7b50fb0c25d4739debe2ca1d5,FN263276|Chrysochromulina_sp(B5),98,2.9999999999999995e-123,FN263276,Chrysochromulinaceae,Chrysochromulina,Chrysochromulina_sp,B5
807e5e321dd420d916d1dc270c3e1e4f,GU824821|Clade_HAP2(BCA5F15RM3F05),99.2,3e-128,GU824821,Clade_HAP2,Clade_HAP2,Clade_HAP2,BCA5F15RM3F05
6dcce32467ed745d9179cc929453e1e7,AM491000|Prymnesium_sp(ALGO_HAP_pt),96.43,2e-116,AM491000,Prymnesiaceae,Prymnesium,Prymnesium_sp,ALGO_HAP_pt
5cdd5f61bf8bdb5ccdceb1298a62b7dd,HM581603|Chrysochromulina_sp(FS04R13_10_27Feb07_75m_sort),97.62,3.9999999999999997e-122,HM581603,Chrysochromulinaceae,Chrysochromulina,Chrysochromulina_sp,FS04R13_10_27Feb07_75m_sort
8b03eb1e5be8029d190e85ee5c5f3aa4,AM490987|Syracosphaera_pulchra(ALGO_GK_17),96.02,6.9999999999999995e-115,AM490987,Syracosphaeraceae,Syracosphaera,Syracosphaera_pulchra,ALGO_GK_17
3c02686041782cb806b67b9d8cf3f6be,GU824470|Clade_F(AI5F13RM1H01),98.41,7.000000000000001e-125,GU824470,Clade_F,Clade_F,Clade_F,AI5F13RM1H01
19802b270111a84e8f28612e8488da10,HQ394067|Chrysochromulina_sp(T4A4_33),99.2,3e-128,HQ394067,Chrysochromulinaceae,Chrysochromulina,Chrysochromulina_sp,T4A4_33
ff54eacc664bb4ec90a2c6ff6aae0bdb,HM581603|Chrysochromulina_sp(FS04R13_10_27Feb07_75m_sort),97.61,1.9999999999999995e-121,HM581603,Chrysochromulinaceae,Chrysochromulina,Chrysochromulina_sp,FS04R13_10_27Feb07_75m_sort
869c8c1f00b0964b2d736a27cb16c86e,JN090869|Prymnesium_sp(KRL01E9),96.8,2.9999999999999997e-118,JN090869,Prymnesiaceae,Prymnesium,Prymnesium_sp,KRL01E9
20b03692a9312b6267b586817e2e4c42,JX680419|Chrysochromulina_sp(Ma125_Pry1_C61),100,1.9999999999999997e-131,JX680419,Chrysochromulinaceae,Chrysochromulina,Chrysochromulina_sp,Ma125_Pry1_C61
d8aafc0c787dd54b020133fbbb816b6b,AB199882|Chrysochromulina_sp(MBIC10513),97.61,1.9999999999999995e-121,AB199882,Chrysochromulinaceae,Chrysochromulina,Chrysochromulina_sp,MBIC10513
6adaffb97c9e0228e68b1cbba9e419c9,KF129994|Clade_HAP5(ST5900_037),97.6,1.9999999999999995e-121,KF129994,Clade_HAP5,Clade_HAP5,Clade_HAP5,ST5900_037
c26f69dfdf26e0d8e9507eb7f4f9035d,KF129994|Clade_HAP5(ST5900_037),98,2.9999999999999995e-123,KF129994,Clade_HAP5,Clade_HAP5,Clade_HAP5,ST5900_037
e2b8ce446ba5adaf03b57109691a7244,KF129692|Chrysochromulina_sp(ST3500_114),96.8,1e-117,KF129692,Chrysochromulinaceae,Chrysochromulina,Chrysochromulina_sp,ST3500_114
340d6e92ed08480db82efb2fea3e15f2,KJ763084|Chrysochromulina_sp(SGUH406),99.6,7e-130,KJ763084,Chrysochromulinaceae,Chrysochromulina,Chrysochromulina_sp,SGUH406
992ed4700c86215dfebbd008fd57f9ab,EF172993|Prymnesium_sp(SSRPD92),97.6,1.9999999999999995e-121,EF172993,Prymnesiaceae,Prymnesium,Prymnesium_sp,SSRPD92
db53e7a0e3dc39490e32890c5d1c8bdf,KF129994|Clade_HAP5(ST5900_037),97.6,1.9999999999999995e-121,KF129994,Clade_HAP5,Clade_HAP5,Clade_HAP5,ST5900_037
f8129a76345c84230a4e96114b97c0ee,FJ537311|Clade_E(Biosope_T33_008),98.8,2e-126,FJ537311,Clade_E,Clade_E,Clade_E,Biosope_T33_008
9bdf059164cefef627d9b87390dcc655,FN263276|Chrysochromulina_sp(B5),98.8,2e-126,FN263276,Chrysochromulinaceae,Chrysochromulina,Chrysochromulina_sp,B5
6c6e62972ed263024ce62e8a761815e5,AJ246279|Chrysochromulina_throndsenii(UIO049_(K11)),99.6,7e-130,AJ246279,Chrysochromulinaceae,Chrysochromulina,Chrysochromulina_throndsenii,UIO049_(K11)
9a9e7be5050b277d9cfc8f798e858e32,JX680435|Phaeocystis_sp(DH125_Pry1_C38),96,2.9999999999999994e-114,JX680435,Phaeocystaceae,Phaeocystis,Phaeocystis_sp,DH125_Pry1_C38
3d26c975222f269f8014084b4520bdbf,AM491009|Prymnesium_aff_polylepis(PLY_200),98,2.9999999999999995e-123,AM491009,Prymnesiaceae,Prymnesium,Prymnesium_aff_polylepis,PLY_200
97e819de5988f50f82e751e52f446b7d,KF130288|Clade_HAP4(ST6060_063),96.8,2.9999999999999997e-118,KF130288,Clade_HAP4,Clade_HAP4,Clade_HAP4,ST6060_063
6307b3dde67ac7e2ddd929f680085721,JF308273|Chrysoculter_sp(TB1H05),100,1.9999999999999997e-131,JF308273,Chrysoculteraceae,Chrysoculter,Chrysoculter_sp,TB1H05
595c39d71bad3b426aa285ceeb910c3c,JX291802|Prymnesium_sp(7656BH994_SP6),95.62,3e-113,JX291802,Prymnesiaceae,Prymnesium,Prymnesium_sp,7656BH994_SP6
4987977aa26432b8ac1b0aecd846febb,Unclassified,97.2,7e-120,Unclassified,Unclassified,Unclassified,Unclassified,Unclassified
ce92a7d75b8b1d5ea7b5f85c8c4ea3d9,AF107083|Chrysochromulina_sp(OLI26017),98.41,2e-125,AF107083,Chrysochromulinaceae,Chrysochromulina,Chrysochromulina_sp,OLI26017
6f6d55a288ec5d9278b003319cbcb460,HM581603|Chrysochromulina_sp(FS04R13_10_27Feb07_75m_sort),98.8,2e-126,HM581603,Chrysochromulinaceae,Chrysochromulina,Chrysochromulina_sp,FS04R13_10_27Feb07_75m_sort
315df3daf510ae9960a55ae106872486,HM581603|Chrysochromulina_sp(FS04R13_10_27Feb07_75m_sort),98,2.9999999999999995e-123,HM581603,Chrysochromulinaceae,Chrysochromulina,Chrysochromulina_sp,FS04R13_10_27Feb07_75m_sort
eb9101612dffc8282529678c728c3279,KF130550|Chrysochromulina_sp(ST8900_047),97.22,1.9999999999999996e-120,KF130550,Chrysochromulinaceae,Chrysochromulina,Chrysochromulina_sp,ST8900_047
132516f2d5b974ea643e4b4fde46d7b4,JX680364|Chrysochromulina_sp(DH122_Pry1_C28),98.8,2e-126,JX680364,Chrysochromulinaceae,Chrysochromulina,Chrysochromulina_sp,DH122_Pry1_C28
eae19817a9ec7dcbf84147218a21f960,EF172993|Prymnesium_sp(SSRPD92),96.43,2e-116,EF172993,Prymnesiaceae,Prymnesium,Prymnesium_sp,SSRPD92
8764d2b03bdcc79a8824381da0c5e04c,AB983345|Gladiolithus_sp(isolate_VFsc26),98.01,2.9999999999999995e-123,AB983345,Calcihaptophycidae,Gladiolithus,Gladiolithus_sp,isolate_VFsc26
583c149a8db4adc186efaa3572d0d583,FJ537311|Clade_E(Biosope_T33_008),98.8,2e-126,FJ537311,Clade_E,Clade_E,Clade_E,Biosope_T33_008
42f815e744f9f78c0cc2fb56ddc945ed,JX291802|Prymnesium_sp(7656BH994_SP6),96.4,2e-116,JX291802,Prymnesiaceae,Prymnesium,Prymnesium_sp,7656BH994_SP6
7205c18826aac43b8d259c0c7cfddc55,KC488450|Phaeocystis_sp(BBL6SF04_91),89.41,1.9999999999999998e-86,KC488450,Phaeocystaceae,Phaeocystis,Phaeocystis_sp,BBL6SF04_91
9ee404b1083691cd6dc2925d518d8831,JX680373|Prymnesium_sp(Ma101_Pry1_C24),94.8,7e-110,JX680373,Prymnesiaceae,Prymnesium,Prymnesium_sp,Ma101_Pry1_C24
6306d407aa3bbe8ab8a6d6e962a1e479,LC599498|Pavlomulina_ranunculiformis(NIES-3900),99.2,3e-128,LC599498,Unclassified,Pavlomulina,Pavlomulina_ranunculiformis,NIES-3900
582de3470aba22e03c17b73e16dfdddb,KF129994|Clade_HAP5(ST5900_037),98,2.9999999999999995e-123,KF129994,Clade_HAP5,Clade_HAP5,Clade_HAP5,ST5900_037
258126a55c36401faf02fcc30cf2cf36,KC582958|Chrysochromulina_sp(RS_12f_10m_00108),95.62,3e-113,KC582958,Chrysochromulinaceae,Chrysochromulina,Chrysochromulina_sp,RS_12f_10m_00108
de063459c293b8c6103c49d1beebe96d,Unclassified,98.8,2e-126,Unclassified,Unclassified,Unclassified,Unclassified,Unclassified
34362017c57e725b730c475ef94a2f10,HM581603|Chrysochromulina_sp(FS04R13_10_27Feb07_75m_sort),97.6,1.9999999999999995e-121,HM581603,Chrysochromulinaceae,Chrysochromulina,Chrysochromulina_sp,FS04R13_10_27Feb07_75m_sort
d84b86d5463c4efc2443e527f2ecc319,KJ763084|Chrysochromulina_sp(SGUH406),96.8,2.9999999999999997e-118,KJ763084,Chrysochromulinaceae,Chrysochromulina,Chrysochromulina_sp,SGUH406
bd5757a7cfd4ff52b55b284dd7666923,Unclassified,100,1.9999999999999997e-131,Unclassified,Unclassified,Unclassified,Unclassified,Unclassified
54e893a423fd1e9ee4852b8bd909fc85,HQ864929|Clade_B3(SGPX503),99.2,9.999999999999998e-128,HQ864929,Clade_B3,Clade_B3,Clade_B3,SGPX503
58e4e1feb1ff44f1455e431af3bbd7a5,Unclassified,96.81,2.9999999999999997e-118,Unclassified,Unclassified,Unclassified,Unclassified,Unclassified
d88d9f228eb9ce40e5112c5d2bbdbb55,EF172993|Prymnesium_sp(SSRPD92),97.2,7e-120,EF172993,Prymnesiaceae,Prymnesium,Prymnesium_sp,SSRPD92
9ffa787f7149572c67724df68812b769,Unclassified,100,1.9999999999999997e-131,Unclassified,Unclassified,Unclassified,Unclassified,Unclassified
f7edfdcddabe0b3356029b3a569f0012,AJ544119|Umbilicosphaera_sibogae_var_foliosa(ESP6M1),100,1.9999999999999997e-131,AJ544119,Calcidiscaceae,Umbilicosphaera,Umbilicosphaera_sibogae_var_foliosa,ESP6M1
7cfccd320f8fec145847a2b0955c2f4a,HQ394028|Clade_B5(T4C3_40),97.21,7e-120,HQ394028,Clade_B5,Clade_B5,Clade_B5,T4C3_40
2e33a3392f38b16d8a6ccdc136b8e4e0,KF130564|Clade_B4(ST8900_063),98.8,2e-126,KF130564,Clade_B4,Clade_B4,Clade_B4,ST8900_063
c358d89daf3e7ce9b1e60ad746653572,FJ537311|Clade_E(Biosope_T33_008),99.2,3e-128,FJ537311,Clade_E,Clade_E,Clade_E,Biosope_T33_008
aad183a7fedad3ca58b1286a4018a7b0,HM581532|Clade_HAP5(FS01AA17_01Aug05_5m),95.22,5.9999999999999994e-111,HM581532,Clade_HAP5,Clade_HAP5,Clade_HAP5,FS01AA17_01Aug05_5m
9f10ed3dab05cd38e03f533f92ced3b8,KC582958|Chrysochromulina_sp(RS_12f_10m_00108),97.6,1.9999999999999995e-121,KC582958,Chrysochromulinaceae,Chrysochromulina,Chrysochromulina_sp,RS_12f_10m_00108
6b414f1e479e068f0f250ca5020d122e,AB199882|Chrysochromulina_sp(MBIC10513),100,1.9999999999999997e-131,AB199882,Chrysochromulinaceae,Chrysochromulina,Chrysochromulina_sp,MBIC10513
89ff11561c06a94b4f4620e7bb22fbd0,FJ537311|Clade_E(Biosope_T33_008),97.2,7e-120,FJ537311,Clade_E,Clade_E,Clade_E,Biosope_T33_008
e0c043b4b1775196b1d4c79a3fda89be,AM490986|Coronosphaera_mediterranea(ALGO_NS85),94.05,5.999999999999999e-106,AM490986,Syracosphaerales,Coronosphaera,Coronosphaera_mediterranea,ALGO_NS85
769e439ec97ecb2d07cadc1675d078f6,KF130564|Clade_B4(ST8900_063),94.4,2.9999999999999996e-108,KF130564,Clade_B4,Clade_B4,Clade_B4,ST8900_063
da8bd75f0637c60e5cbe6baec41a5a63,JX680373|Prymnesium_sp(Ma101_Pry1_C24),97.6,1.9999999999999995e-121,JX680373,Prymnesiaceae,Prymnesium,Prymnesium_sp,Ma101_Pry1_C24
e3d8edb2609e4f01052f7b0d0c23448e,FJ537637|Chrysochromulina_sp(Biosope_T65_040),98.8,2e-126,FJ537637,Chrysochromulinaceae,Chrysochromulina,Chrysochromulina_sp,Biosope_T65_040
2cfe0d99576b416c5101f78b8a8be6ee,JX291802|Prymnesium_sp(7656BH994_SP6),97.6,1.9999999999999995e-121,JX291802,Prymnesiaceae,Prymnesium,Prymnesium_sp,7656BH994_SP6
abae182caf5fa87028d7a75d41b3ebdb,HM581603|Chrysochromulina_sp(FS04R13_10_27Feb07_75m_sort),98.01,2.9999999999999995e-123,HM581603,Chrysochromulinaceae,Chrysochromulina,Chrysochromulina_sp,FS04R13_10_27Feb07_75m_sort
40230dff523d299e475fd9bb658b0b2a,JX680373|Prymnesium_sp(Ma101_Pry1_C24),97.6,1.9999999999999995e-121,JX680373,Prymnesiaceae,Prymnesium,Prymnesium_sp,Ma101_Pry1_C24
abd236d163a2d5c70863ed5f45033668,KF130564|Clade_B4(ST8900_063),96.8,2.9999999999999997e-118,KF130564,Clade_B4,Clade_B4,Clade_B4,ST8900_063
62c2ae0b7ed58711b41c0881643e9374,Unclassified,96.02,6.9999999999999995e-115,Unclassified,Unclassified,Unclassified,Unclassified,Unclassified
c80770c5eed49f459dba3b3657cf0d21,AJ544115|Calcidiscus_quadriperforatus(ASM35),100,1.9999999999999997e-131,AJ544115,Calcidiscaceae,Calcidiscus,Calcidiscus_quadriperforatus,ASM35
f75f9df5c3d15be5c3ce1bbf36fa9071,HQ870464|Chrysochromulina_sp(SIAA409),98.4,7.000000000000001e-125,HQ870464,Chrysochromulinaceae,Chrysochromulina,Chrysochromulina_sp,SIAA409
11b72a301a45e6da8904b3dd97e6e3b8,GU825177|Clade_HAP4(AA5F15RM1D01),92.43,3e-99,GU825177,Clade_HAP4,Clade_HAP4,Clade_HAP4,AA5F15RM1D01
2c7821a477c59a57b70b726a0444c98c,HM581532|Clade_HAP5(FS01AA17_01Aug05_5m),93.63,3e-104,HM581532,Clade_HAP5,Clade_HAP5,Clade_HAP5,FS01AA17_01Aug05_5m
47b874d45a7464a88374c061ad631100,HM581609|Prymnesium_sp(OC413BATS_O096_75m),100,6.9999999999999995e-115,HM581609,Prymnesiaceae,Prymnesium,Prymnesium_sp,OC413BATS_O096_75m
a75c389c5aa666517c4a506a7a0ff11d,JX291802|Prymnesium_sp(7656BH994_SP6),97.2,7e-120,JX291802,Prymnesiaceae,Prymnesium,Prymnesium_sp,7656BH994_SP6
27494f9e26e5eb4f1d78bd2c819b2b32,KF130564|Clade_B4(ST8900_063),95.2,1.9999999999999998e-111,KF130564,Clade_B4,Clade_B4,Clade_B4,ST8900_063
911033a66b739f77bfedb6a7be3802bf,HM581532|Clade_HAP5(FS01AA17_01Aug05_5m),94.02,5.999999999999999e-106,HM581532,Clade_HAP5,Clade_HAP5,Clade_HAP5,FS01AA17_01Aug05_5m
0b3d20fcaf5e8a700021c4ba2a7cb757,JX680373|Prymnesium_sp(Ma101_Pry1_C24),98,2.9999999999999995e-123,JX680373,Prymnesiaceae,Prymnesium,Prymnesium_sp,Ma101_Pry1_C24
1f813b738edadccd9ead2207ed959b22,KF130521|Chrysochromulina_sp(ST8900_013),96.8,1e-117,KF130521,Chrysochromulinaceae,Chrysochromulina,Chrysochromulina_sp,ST8900_013
387cd556d486e37a3c207997d2e5c7d1,AM491009|Prymnesium_aff_polylepis(PLY_200),98,2.9999999999999995e-123,AM491009,Prymnesiaceae,Prymnesium,Prymnesium_aff_polylepis,PLY_200
bfd69b028c38a91152138f439465c2fd,EF172993|Prymnesium_sp(SSRPD92),93.68,2e-105,EF172993,Prymnesiaceae,Prymnesium,Prymnesium_sp,SSRPD92
4a47750b03c11fab71d51ecf4415ef1b,HM581532|Clade_HAP5(FS01AA17_01Aug05_5m),93.63,3e-104,HM581532,Clade_HAP5,Clade_HAP5,Clade_HAP5,FS01AA17_01Aug05_5m
57f4306f045d1f49624585142c3567f3,Unclassified,95.6,3e-113,Unclassified,Unclassified,Unclassified,Unclassified,Unclassified
6e84c94bec6229cedd0f3e4b82a1c5f3,Unclassified,95.6,3e-113,Unclassified,Unclassified,Unclassified,Unclassified,Unclassified
d3a736aedb6c45447c6b20d3fff42be1,FJ537637|Chrysochromulina_sp(Biosope_T65_040),97.6,1.9999999999999995e-121,FJ537637,Chrysochromulinaceae,Chrysochromulina,Chrysochromulina_sp,Biosope_T65_040
5d31dc0422aff4ade0a44a0913683f73,Unclassified,98.8,2e-126,Unclassified,Unclassified,Unclassified,Unclassified,Unclassified
9ddf35bd82ac6ac2c2a52a87efb00695,JX680412|Clade_B3(Ma135_Pry1_C22),100,1.9999999999999997e-131,JX680412,Clade_B3,Clade_B3,Clade_B3,Ma135_Pry1_C22
afc841db154203802b2ea0e4d5f49908,Unclassified,99.54,1.9999999999999998e-111,Unclassified,Unclassified,Unclassified,Unclassified,Unclassified
02f664ad9761b0643ca1aebd302efb63,FN690514|Clade_F(3b_H6),97.62,3.9999999999999997e-122,FN690514,Clade_F,Clade_F,Clade_F,3b_H6
4db5f283ac8fd259d65092b0c6f58183,Unclassified,94,5.999999999999999e-106,Unclassified,Unclassified,Unclassified,Unclassified,Unclassified
32767fda7a8bdc945af7e5fcdbf1fb24,GQ863817|Phaeocystis_sp(AMT15_15_10m_412),96.03,6.9999999999999995e-115,GQ863817,Phaeocystaceae,Phaeocystis,Phaeocystis_sp,AMT15_15_10m_412
c95244d6c75e5659fff3a0ba9dcd81ae,EU500064|Clade_HAP4(hotxp1f3),96.8,1e-117,EU500064,Clade_HAP4,Clade_HAP4,Clade_HAP4,hotxp1f3
2d47f0a3cbbbb9aead126980e2a3b8e4,JX680364|Chrysochromulina_sp(DH122_Pry1_C28),98,2.9999999999999995e-123,JX680364,Chrysochromulinaceae,Chrysochromulina,Chrysochromulina_sp,DH122_Pry1_C28
e4edd4ba3136235b26b280500f98c556,AM490986|Coronosphaera_mediterranea(ALGO_NS85),99.6,7e-130,AM490986,Syracosphaerales,Coronosphaera,Coronosphaera_mediterranea,ALGO_NS85
28a870ba43c3d5f3a1154d5e05195a52,JX680373|Prymnesium_sp(Ma101_Pry1_C24),98.4,7.000000000000001e-125,JX680373,Prymnesiaceae,Prymnesium,Prymnesium_sp,Ma101_Pry1_C24
d0d979023eb62db329a52b095dd67ba4,JF714232|Pavlova_sp(AC250),100,1.9999999999999997e-131,JF714232,Pavlovaceae,Pavlova,Pavlova_sp,AC250
32fece5125158bee46936e0bacdb8377,GU825190|Chrysochromulina_sp(AA5F15RM2D07),98.4,7.000000000000001e-125,GU825190,Chrysochromulinaceae,Chrysochromulina,Chrysochromulina_sp,AA5F15RM2D07
3cdd9de0ed11c208f0894155cb9e5273,JX680408|Emiliania_Gephyrocapsa_sp(Ma135_Pry1_C4),98.4,7.000000000000001e-125,JX680408,Noelaerhabdaceae,Emiliania_Gephyrocapsa,Emiliania_Gephyrocapsa_sp,Ma135_Pry1_C4
e7fe738e1e66dcf56fab19669280e0c6,KJ763084|Chrysochromulina_sp(SGUH406),96.4,2e-116,KJ763084,Chrysochromulinaceae,Chrysochromulina,Chrysochromulina_sp,SGUH406
a3e614cd30358564941e216549641174,KJ763084|Chrysochromulina_sp(SGUH406),98.4,7.000000000000001e-125,KJ763084,Chrysochromulinaceae,Chrysochromulina,Chrysochromulina_sp,SGUH406
756aa675ba5628573126d2a6231427fb,KF129994|Clade_HAP5(ST5900_037),94.42,2.9999999999999996e-108,KF129994,Clade_HAP5,Clade_HAP5,Clade_HAP5,ST5900_037
4d12972bc257108eb7ed9a2838ce807c,GU825177|Clade_HAP4(AA5F15RM1D01),94.8,7e-110,GU825177,Clade_HAP4,Clade_HAP4,Clade_HAP4,AA5F15RM1D01
e7144a5dc0485255ca44f8f6b6b9b76c,JX291802|Prymnesium_sp(7656BH994_SP6),97.2,7e-120,JX291802,Prymnesiaceae,Prymnesium,Prymnesium_sp,7656BH994_SP6
4f1ded98248632456f0201dba1886069,Unclassified,98,2.9999999999999995e-123,Unclassified,Unclassified,Unclassified,Unclassified,Unclassified
db190df31da2b10d81ea16b6a6a2a172,EU499961|Clade_B4(dhot2d7),93.25,2.9999999999999995e-103,EU499961,Clade_B4,Clade_B4,Clade_B4,dhot2d7
bef624be895ccf10b51da82692a2115c,FJ537637|Chrysochromulina_sp(Biosope_T65_040),97.6,1.9999999999999995e-121,FJ537637,Chrysochromulinaceae,Chrysochromulina,Chrysochromulina_sp,Biosope_T65_040
53a9f97369b10124c7c96832c9f4da07,HM581532|Clade_HAP5(FS01AA17_01Aug05_5m),97.6,5.999999999999998e-121,HM581532,Clade_HAP5,Clade_HAP5,Clade_HAP5,FS01AA17_01Aug05_5m
0cf41d793970f824c7b312d05277d280,FR677016|Prymnesium_radiatum(BO18),100,1.9999999999999997e-131,FR677016,Prymnesiaceae,Prymnesium,Prymnesium_radiatum,BO18
d471d45878df91aa3a20567b70d790cf,GU825177|Clade_HAP4(AA5F15RM1D01),95.2,1.9999999999999998e-111,GU825177,Clade_HAP4,Clade_HAP4,Clade_HAP4,AA5F15RM1D01
